,Station,Year,month,Element,Max,Min,Mean,Days
0,USC00110338,1893,1,TMAX,4.4,-20.0,-7.8,31
1,USC00110338,1893,2,TMAX,5.6,-17.2,-0.9,27
2,USC00110338,1893,3,TMAX,20.6,-7.2,5.6,30
3,USC00110338,1893,4,TMAX,28.9,3.3,13.5,30
4,USC00110338,1893,5,TMAX,30.6,7.2,19.2,31
5,USC00110338,1893,6,TMAX,36.1,21.1,28.6,30
6,USC00110338,1893,7,TMAX,36.7,26.1,30.7,31
7,USC00110338,1893,8,TMAX,33.3,22.2,28.4,29
8,USC00110338,1893,9,TMAX,35.0,12.8,25.5,30
9,USC00110338,1893,10,TMAX,28.3,3.9,17.6,31
10,USC00110338,1895,8,TMAX,36.7,22.8,31.5,31
11,USC00110338,1895,12,TMAX,13.3,-6.7,3.4,31
12,USC00110338,1896,1,TMAX,16.7,-14.4,3.1,31
13,USC00110338,1896,2,TMAX,18.9,-10.0,4.8,27
14,USC00110338,1896,3,TMAX,21.7,-5.6,6.7,30
15,USC00110338,1896,4,TMAX,31.1,5.6,20.6,30
16,USC00110338,1896,5,TMAX,35.6,18.9,28.3,30
17,USC00110338,1896,6,TMAX,35.0,14.4,28.9,30
18,USC00110338,1896,7,TMAX,37.8,18.9,31.2,31
19,USC00110338,1896,8,TMAX,38.9,24.4,30.9,31
20,USC00110338,1896,9,TMAX,32.2,13.3,22.1,30
21,USC00110338,1896,10,TMAX,25.6,7.8,15.8,31
22,USC00110338,1896,11,TMAX,21.1,-8.9,6.8,30
23,USC00110338,1896,12,TMAX,14.4,-5.6,3.5,31
24,USC00110338,1897,1,TMAX,14.4,-20.0,-1.4,31
25,USC00110338,1897,2,TMAX,6.7,-7.8,2.2,28
26,USC00110338,1897,3,TMAX,19.4,-2.2,6.9,31
27,USC00110338,1897,4,TMAX,28.9,2.2,14.9,30
28,USC00110338,1897,5,TMAX,33.3,5.6,24.4,31
29,USC00110338,1897,6,TMAX,41.1,15.6,29.7,30
30,USC00110338,1897,7,TMAX,42.2,24.4,34.4,31
31,USC00110338,1897,8,TMAX,36.1,21.7,27.6,31
32,USC00110338,1897,9,TMAX,37.2,18.9,29.6,30
33,USC00110338,1897,10,TMAX,33.9,13.3,21.7,31
34,USC00110338,1897,11,TMAX,20.0,-6.1,7.9,29
35,USC00110338,1897,12,TMAX,12.2,-11.7,-0.8,31
36,USC00110338,1898,1,TMAX,10.0,-6.7,1.3,30
37,USC00110338,1898,2,TMAX,11.7,-13.3,0.7,28
38,USC00110338,1898,3,TMAX,21.1,0.0,10.7,31
39,USC00110338,1898,4,TMAX,25.6,2.8,14.1,30
40,USC00110338,1898,5,TMAX,27.8,9.4,21.4,31
41,USC00110338,1898,6,TMAX,33.3,20.6,28.1,30
42,USC00110338,1898,7,TMAX,37.2,21.1,30.9,31
43,USC00110338,1898,8,TMAX,34.4,20.0,28.3,31
44,USC00110338,1898,9,TMAX,33.9,17.2,26.1,30
45,USC00110338,1898,10,TMAX,30.6,5.0,14.5,31
46,USC00110338,1898,11,TMAX,20.0,-7.2,6.0,30
47,USC00110338,1898,12,TMAX,8.9,-10.6,-0.3,31
48,USC00110338,1899,1,TMAX,8.9,-15.6,-0.2,31
49,USC00110338,1899,2,TMAX,12.2,-21.1,-2.6,28
50,USC00110338,1899,3,TMAX,17.2,-6.7,3.1,31
51,USC00110338,1899,4,TMAX,32.8,-1.1,17.8,30
52,USC00110338,1899,5,TMAX,30.0,13.9,22.9,31
53,USC00110338,1899,6,TMAX,34.4,23.3,28.9,30
54,USC00110338,1899,7,TMAX,35.0,23.3,29.8,31
55,USC00110338,1899,8,TMAX,35.6,21.7,31.3,31
56,USC00110338,1899,9,TMAX,38.3,6.1,23.9,30
57,USC00110338,1899,10,TMAX,31.1,9.4,20.2,31
58,USC00110338,1899,11,TMAX,18.3,1.1,11.3,30
59,USC00110338,1899,12,TMAX,11.7,-11.1,1.7,31
60,USC00110338,1900,1,TMAX,13.3,-15.0,2.7,31
61,USC00110338,1900,2,TMAX,15.0,-13.9,-1.1,28
62,USC00110338,1900,3,TMAX,13.3,-9.4,2.7,31
63,USC00110338,1900,4,TMAX,28.9,0.6,16.6,30
64,USC00110338,1900,5,TMAX,32.8,9.4,24.4,31
65,USC00110338,1900,6,TMAX,32.2,20.0,26.4,30
66,USC00110338,1900,7,TMAX,35.0,24.4,30.0,31
67,USC00110338,1900,8,TMAX,37.2,23.3,32.2,31
68,USC00110338,1900,9,TMAX,33.9,16.1,25.9,30
69,USC00110338,1900,10,TMAX,31.1,15.0,22.7,31
70,USC00110338,1900,12,TMAX,7.8,-5.6,0.7,18
71,USC00110338,1901,1,TMAX,11.7,-10.0,0.1,31
72,USC00110338,1901,2,TMAX,2.8,-11.1,-4.0,28
73,USC00110338,1901,3,TMAX,19.4,-7.2,5.6,31
74,USC00110338,1901,4,TMAX,30.6,3.3,15.4,29
75,USC00110338,1901,5,TMAX,32.2,14.4,21.8,31
76,USC00110338,1901,6,TMAX,38.3,16.1,29.9,30
77,USC00110338,1901,7,TMAX,42.8,27.2,34.8,31
78,USC00110338,1901,8,TMAX,35.0,21.1,29.1,31
79,USC00110338,1901,9,TMAX,33.9,13.3,24.9,30
80,USC00110338,1901,10,TMAX,31.1,8.9,19.7,31
81,USC00110338,1901,11,TMAX,19.4,-0.6,8.0,30
82,USC00110338,1901,12,TMAX,13.9,-17.2,-1.1,31
83,USC00110338,1902,1,TMAX,10.6,-15.0,0.4,31
84,USC00110338,1902,2,TMAX,10.0,-12.8,-1.7,28
85,USC00110338,1902,3,TMAX,20.0,-8.9,9.1,31
86,USC00110338,1902,4,TMAX,30.0,2.8,15.9,30
87,USC00110338,1902,5,TMAX,30.6,7.8,23.0,31
88,USC00110338,1902,6,TMAX,32.8,15.0,24.5,30
89,USC00110338,1902,7,TMAX,33.3,21.1,28.6,31
90,USC00110338,1902,8,TMAX,30.6,20.6,25.7,31
91,USC00110338,1902,9,TMAX,27.8,15.0,21.0,30
92,USC00110338,1902,10,TMAX,25.6,7.2,17.5,31
93,USC00110338,1902,11,TMAX,22.2,3.3,12.1,30
94,USC00110338,1902,12,TMAX,10.6,-13.3,-0.4,31
95,USC00110338,1903,1,TMAX,9.4,-15.0,-0.7,31
96,USC00110338,1903,2,TMAX,11.1,-17.2,-0.2,28
97,USC00110338,1903,3,TMAX,24.4,-0.6,10.3,31
98,USC00110338,1903,4,TMAX,26.1,3.9,15.7,30
99,USC00110338,1903,5,TMAX,30.0,12.8,23.1,31
100,USC00110338,1903,6,TMAX,31.7,12.8,24.3,30
101,USC00110338,1903,7,TMAX,34.4,21.1,29.0,31
102,USC00110338,1903,8,TMAX,33.3,17.2,26.0,31
103,USC00110338,1903,9,TMAX,30.0,12.8,23.1,30
104,USC00110338,1903,10,TMAX,28.3,6.7,16.6,31
105,USC00110338,1903,11,TMAX,20.0,-4.4,7.1,30
106,USC00110338,1903,12,TMAX,5.0,-13.9,-2.2,31
107,USC00110338,1904,1,TMAX,3.9,-16.7,-4.6,31
108,USC00110338,1904,2,TMAX,11.7,-13.3,-3.3,29
109,USC00110338,1904,3,TMAX,18.9,-1.1,6.3,31
110,USC00110338,1904,4,TMAX,27.2,3.9,11.9,30
111,USC00110338,1904,5,TMAX,30.0,12.2,21.9,31
112,USC00110338,1904,6,TMAX,32.8,20.0,26.5,30
113,USC00110338,1904,7,TMAX,34.4,20.0,28.5,31
114,USC00110338,1904,8,TMAX,31.1,19.4,25.8,31
115,USC00110338,1904,9,TMAX,30.6,13.3,23.0,30
116,USC00110338,1904,10,TMAX,26.7,8.9,16.7,31
117,USC00110338,1904,11,TMAX,20.0,-1.7,10.7,30
118,USC00110338,1904,12,TMAX,11.1,-10.0,0.6,31
119,USC00110338,1905,1,TMAX,10.0,-13.3,-3.4,31
120,USC00110338,1905,2,TMAX,9.4,-18.3,-3.9,28
121,USC00110338,1905,3,TMAX,24.4,-2.2,10.0,31
122,USC00110338,1905,4,TMAX,26.7,5.6,15.0,30
123,USC00110338,1905,5,TMAX,30.0,11.7,21.0,31
124,USC00110338,1905,6,TMAX,32.8,19.4,26.8,30
125,USC00110338,1905,7,TMAX,34.4,18.3,27.5,31
126,USC00110338,1905,8,TMAX,33.3,22.2,28.4,31
127,USC00110338,1905,9,TMAX,30.0,16.1,24.6,30
128,USC00110338,1905,10,TMAX,28.3,3.9,16.5,31
129,USC00110338,1905,11,TMAX,20.6,-2.2,9.4,30
130,USC00110338,1905,12,TMAX,10.0,-6.1,2.7,31
131,USC00110338,1906,1,TMAX,16.1,-6.1,3.0,31
132,USC00110338,1906,2,TMAX,12.2,-9.4,1.4,28
133,USC00110338,1906,3,TMAX,11.7,-6.1,1.8,31
134,USC00110338,1906,4,TMAX,27.2,6.1,17.4,30
135,USC00110338,1906,5,TMAX,31.7,10.0,22.5,31
136,USC00110338,1906,6,TMAX,35.0,20.0,26.9,30
137,USC00110338,1906,7,TMAX,36.1,22.2,29.4,31
138,USC00110338,1906,8,TMAX,35.0,21.1,29.7,31
139,USC00110338,1906,9,TMAX,32.2,15.0,25.7,30
140,USC00110338,1906,10,TMAX,23.9,5.0,15.8,31
141,USC00110338,1906,11,TMAX,18.3,-1.1,7.6,30
142,USC00110338,1906,12,TMAX,11.1,-7.2,2.7,31
143,USC00110338,1907,1,TMAX,12.8,-9.4,1.1,31
144,USC00110338,1907,2,TMAX,11.7,-12.2,1.2,28
145,USC00110338,1907,3,TMAX,27.8,0.6,11.2,31
146,USC00110338,1907,4,TMAX,22.8,1.7,10.2,30
147,USC00110338,1907,5,TMAX,28.9,8.9,17.9,31
148,USC00110338,1907,6,TMAX,32.2,13.9,24.8,30
149,USC00110338,1907,7,TMAX,32.2,22.8,28.0,31
150,USC00110338,1907,8,TMAX,33.3,20.6,26.4,31
151,USC00110338,1907,9,TMAX,32.8,13.3,21.7,30
152,USC00110338,1907,10,TMAX,26.1,6.7,15.1,31
153,USC00110338,1907,11,TMAX,13.3,1.7,8.1,30
154,USC00110338,1907,12,TMAX,13.3,-2.8,2.6,31
155,USC00110338,1908,1,TMAX,8.3,-10.6,1.3,31
156,USC00110338,1908,2,TMAX,8.9,-6.7,-0.2,29
157,USC00110338,1908,3,TMAX,22.8,0.6,9.2,31
158,USC00110338,1908,4,TMAX,26.1,2.2,15.8,30
159,USC00110338,1908,5,TMAX,29.4,8.3,21.0,31
160,USC00110338,1908,6,TMAX,33.3,18.3,26.0,30
161,USC00110338,1908,7,TMAX,35.0,21.1,28.8,31
162,USC00110338,1908,8,TMAX,35.0,21.1,28.0,31
163,USC00110338,1908,9,TMAX,32.8,11.1,26.9,30
164,USC00110338,1908,10,TMAX,28.3,6.7,17.9,31
165,USC00110338,1908,11,TMAX,20.0,-0.6,10.6,30
166,USC00110338,1908,12,TMAX,11.1,-3.9,2.7,31
167,USC00110338,1909,1,TMAX,18.9,-10.6,1.5,31
168,USC00110338,1909,2,TMAX,13.9,-6.1,3.9,28
169,USC00110338,1909,3,TMAX,13.3,0.0,5.8,31
170,USC00110338,1909,4,TMAX,22.2,1.7,12.8,30
171,USC00110338,1909,5,TMAX,30.0,4.4,20.5,31
172,USC00110338,1909,6,TMAX,31.1,16.7,25.4,30
173,USC00110338,1909,7,TMAX,35.0,16.1,27.8,31
174,USC00110338,1909,8,TMAX,34.4,22.2,29.4,31
175,USC00110338,1909,9,TMAX,31.7,14.4,22.1,30
176,USC00110338,1909,10,TMAX,26.1,4.4,14.7,31
177,USC00110338,1909,11,TMAX,21.1,1.1,13.4,30
178,USC00110338,1909,12,TMAX,12.2,-13.9,-3.6,31
179,USC00110338,1910,1,TMAX,5.0,-15.0,-1.4,31
180,USC00110338,1910,2,TMAX,7.2,-11.1,-0.7,28
181,USC00110338,1910,3,TMAX,27.8,2.8,15.3,31
182,USC00110338,1910,4,TMAX,29.4,2.2,17.2,30
183,USC00110338,1910,5,TMAX,26.7,10.6,18.4,31
184,USC00110338,1910,6,TMAX,36.7,12.8,27.5,30
185,USC00110338,1910,7,TMAX,37.2,24.4,31.2,31
186,USC00110338,1910,8,TMAX,33.9,21.7,28.6,31
187,USC00110338,1910,9,TMAX,28.3,17.8,22.3,30
188,USC00110338,1910,10,TMAX,27.8,3.9,19.0,31
189,USC00110338,1910,11,TMAX,18.9,-5.0,5.4,30
190,USC00110338,1910,12,TMAX,4.4,-7.2,-1.0,31
191,USC00110338,1911,1,TMAX,9.4,-10.6,1.5,31
192,USC00110338,1911,2,TMAX,12.8,-5.6,3.2,28
193,USC00110338,1911,3,TMAX,23.9,-1.1,9.2,31
194,USC00110338,1911,4,TMAX,22.2,1.1,13.0,30
195,USC00110338,1911,5,TMAX,33.3,11.7,25.5,31
196,USC00110338,1911,6,TMAX,36.1,22.2,28.6,30
197,USC00110338,1911,7,TMAX,37.2,20.0,29.9,31
198,USC00110338,1911,8,TMAX,32.2,19.4,26.9,31
199,USC00110338,1911,9,TMAX,31.1,16.1,23.6,30
200,USC00110338,1911,10,TMAX,26.7,6.7,14.9,31
201,USC00110338,1911,11,TMAX,24.4,-3.9,5.5,30
202,USC00110338,1911,12,TMAX,15.6,-5.6,3.6,31
203,USC00110338,1912,1,TMAX,1.7,-21.1,-8.6,31
204,USC00110338,1912,2,TMAX,10.0,-15.0,-3.0,29
205,USC00110338,1912,3,TMAX,15.6,-7.8,1.9,31
206,USC00110338,1912,4,TMAX,25.0,1.7,15.6,29
207,USC00110338,1912,5,TMAX,30.0,7.2,22.2,31
208,USC00110338,1912,6,TMAX,32.2,17.2,25.5,30
209,USC00110338,1912,7,TMAX,33.3,20.6,28.3,31
210,USC00110338,1912,8,TMAX,32.2,20.6,25.8,31
211,USC00110338,1912,9,TMAX,33.3,10.0,23.7,30
212,USC00110338,1912,10,TMAX,27.8,5.0,17.6,30
213,USC00110338,1912,11,TMAX,21.7,1.1,9.9,30
214,USC00110338,1912,12,TMAX,12.8,-6.7,4.4,31
215,USC00110338,1913,2,TMAX,15.6,-11.7,-0.2,28
216,USC00110338,1913,3,TMAX,18.9,-8.9,6.5,31
217,USC00110338,1913,4,TMAX,26.7,4.4,16.9,30
218,USC00110338,1913,5,TMAX,28.9,11.1,21.0,31
219,USC00110338,1913,6,TMAX,36.7,15.0,28.6,30
220,USC00110338,1913,7,TMAX,36.7,22.2,30.2,31
221,USC00110338,1913,8,TMAX,36.1,20.0,28.7,31
222,USC00110338,1913,9,TMAX,33.9,9.4,23.4,30
223,USC00110338,1913,10,TMAX,27.8,2.2,15.7,31
224,USC00110338,1913,11,TMAX,21.7,-0.6,12.2,30
225,USC00110338,1913,12,TMAX,14.4,-2.2,4.8,31
226,USC00110338,1914,1,TMAX,13.9,-5.0,2.7,31
227,USC00110338,1914,2,TMAX,8.3,-16.1,-3.5,28
228,USC00110338,1914,3,TMAX,18.3,-2.2,6.7,31
229,USC00110338,1914,4,TMAX,27.2,0.6,16.0,29
230,USC00110338,1914,5,TMAX,32.2,6.7,23.1,31
231,USC00110338,1914,6,TMAX,34.4,18.9,26.8,30
232,USC00110338,1914,7,TMAX,36.7,25.0,30.5,31
233,USC00110338,1914,8,TMAX,36.1,18.9,29.0,31
234,USC00110338,1914,9,TMAX,31.1,13.9,23.2,30
235,USC00110338,1914,10,TMAX,27.2,7.2,19.2,31
236,USC00110338,1914,11,TMAX,21.1,-2.8,11.1,30
237,USC00110338,1914,12,TMAX,13.3,-12.2,-2.0,31
238,USC00110338,1915,1,TMAX,5.0,-16.1,-2.7,31
239,USC00110338,1915,2,TMAX,12.8,-6.7,3.8,28
240,USC00110338,1915,3,TMAX,13.9,-1.1,5.4,31
241,USC00110338,1915,4,TMAX,31.1,5.0,20.7,30
242,USC00110338,1915,5,TMAX,30.6,9.4,18.3,31
243,USC00110338,1915,6,TMAX,30.6,13.3,24.4,30
244,USC00110338,1915,7,TMAX,30.6,20.0,26.0,31
245,USC00110338,1915,8,TMAX,30.6,16.1,23.7,31
246,USC00110338,1915,9,TMAX,31.1,14.4,23.5,30
247,USC00110338,1915,10,TMAX,25.0,7.8,18.3,31
248,USC00110338,1915,11,TMAX,25.0,0.6,10.4,30
249,USC00110338,1915,12,TMAX,4.4,-7.8,-0.1,31
250,USC00110338,1916,1,TMAX,15.0,-12.2,1.7,31
251,USC00110338,1916,2,TMAX,10.0,-10.0,-1.1,29
252,USC00110338,1916,3,TMAX,20.0,-5.0,5.8,31
253,USC00110338,1916,4,TMAX,26.1,4.4,15.0,30
254,USC00110338,1916,5,TMAX,31.1,8.9,21.6,31
255,USC00110338,1916,6,TMAX,29.4,12.8,22.7,30
256,USC00110338,1916,7,TMAX,39.4,23.9,32.8,31
257,USC00110338,1916,8,TMAX,38.3,22.8,30.7,31
258,USC00110338,1916,9,TMAX,32.2,12.8,22.9,30
259,USC00110338,1916,10,TMAX,30.0,4.4,17.0,31
260,USC00110338,1916,11,TMAX,23.3,-3.3,9.9,30
261,USC00110338,1916,12,TMAX,18.9,-12.2,-0.2,31
262,USC00110338,1917,1,TMAX,6.7,-12.8,-1.2,31
263,USC00110338,1917,2,TMAX,6.7,-18.9,-2.8,28
264,USC00110338,1917,3,TMAX,23.9,-4.4,8.4,31
265,USC00110338,1917,4,TMAX,28.3,4.4,12.8,30
266,USC00110338,1917,5,TMAX,31.7,6.7,18.1,31
267,USC00110338,1917,6,TMAX,30.0,12.8,23.8,30
268,USC00110338,1917,7,TMAX,35.0,21.7,28.2,31
269,USC00110338,1917,8,TMAX,32.2,22.2,26.6,31
270,USC00110338,1917,9,TMAX,28.9,12.8,21.9,30
271,USC00110338,1917,10,TMAX,19.4,-3.3,10.6,31
272,USC00110338,1917,11,TMAX,21.1,-0.6,9.3,30
273,USC00110338,1917,12,TMAX,10.0,-15.0,-2.6,31
274,USC00110338,1918,1,TMAX,0.6,-17.2,-8.0,31
275,USC00110338,1918,2,TMAX,13.9,-16.1,1.4,28
276,USC00110338,1918,3,TMAX,24.4,0.6,12.1,31
277,USC00110338,1918,4,TMAX,23.9,3.9,12.3,30
278,USC00110338,1918,5,TMAX,31.1,12.8,24.4,31
279,USC00110338,1918,6,TMAX,34.4,19.4,26.2,30
280,USC00110338,1918,7,TMAX,33.3,20.0,27.9,31
281,USC00110338,1918,8,TMAX,38.9,22.2,29.3,31
282,USC00110338,1918,9,TMAX,26.1,10.0,19.7,30
283,USC00110338,1918,10,TMAX,27.2,7.2,18.4,31
284,USC00110338,1918,11,TMAX,19.4,1.1,9.1,30
285,USC00110338,1918,12,TMAX,13.9,-6.1,4.0,26
286,USC00110338,1919,1,TMAX,9.4,-16.1,1.4,31
287,USC00110338,1919,2,TMAX,11.7,-6.1,2.6,28
288,USC00110338,1919,3,TMAX,20.0,-4.4,8.5,31
289,USC00110338,1919,4,TMAX,25.0,5.0,15.2,30
290,USC00110338,1919,5,TMAX,33.3,11.1,19.9,31
291,USC00110338,1919,6,TMAX,33.3,21.1,28.4,30
292,USC00110338,1919,7,TMAX,35.6,26.7,31.6,31
293,USC00110338,1919,8,TMAX,36.1,23.9,28.4,31
294,USC00110338,1919,9,TMAX,34.4,16.7,25.5,30
295,USC00110338,1919,10,TMAX,28.9,7.2,18.3,31
296,USC00110338,1919,11,TMAX,15.0,-5.0,6.7,30
297,USC00110338,1919,12,TMAX,5.0,-15.6,-3.7,31
298,USC00110338,1920,1,TMAX,2.2,-16.1,-4.5,17
299,USC00110338,1920,2,TMAX,7.2,-15.0,0.2,29
300,USC00110338,1920,3,TMAX,22.8,-7.2,9.4,31
301,USC00110338,1920,4,TMAX,22.2,0.6,11.2,30
302,USC00110338,1920,5,TMAX,27.8,8.9,20.3,31
303,USC00110338,1920,6,TMAX,33.9,19.4,26.8,30
304,USC00110338,1920,7,TMAX,37.2,21.7,28.5,31
305,USC00110338,1920,8,TMAX,33.3,18.3,27.3,31
306,USC00110338,1920,9,TMAX,32.2,13.3,25.4,30
307,USC00110338,1920,10,TMAX,28.3,6.1,20.9,31
308,USC00110338,1920,11,TMAX,17.2,-2.8,7.7,30
309,USC00110338,1920,12,TMAX,17.2,-12.2,2.8,31
310,USC00110338,1921,1,TMAX,12.8,-7.8,3.1,31
311,USC00110338,1921,2,TMAX,18.9,-2.2,3.7,28
312,USC00110338,1921,3,TMAX,26.1,3.9,14.0,31
313,USC00110338,1921,4,TMAX,27.2,2.2,18.4,30
314,USC00110338,1921,5,TMAX,33.9,6.7,23.8,31
315,USC00110338,1921,6,TMAX,35.6,18.3,29.7,30
316,USC00110338,1921,7,TMAX,36.7,28.3,33.6,31
317,USC00110338,1921,8,TMAX,33.3,17.8,27.7,31
318,USC00110338,1921,9,TMAX,31.7,16.7,25.4,30
319,USC00110338,1921,10,TMAX,25.6,7.8,17.1,31
320,USC00110338,1921,11,TMAX,17.2,0.0,7.1,30
321,USC00110338,1921,12,TMAX,11.7,-5.6,2.6,31
322,USC00110338,1922,1,TMAX,8.3,-13.3,0.3,31
323,USC00110338,1922,2,TMAX,20.0,-7.2,3.2,28
324,USC00110338,1922,3,TMAX,18.9,-3.3,8.1,31
325,USC00110338,1922,4,TMAX,24.4,6.1,15.1,30
326,USC00110338,1922,5,TMAX,30.0,16.1,24.0,31
327,USC00110338,1922,6,TMAX,34.4,20.0,28.2,30
328,USC00110338,1922,7,TMAX,35.0,23.3,28.5,31
329,USC00110338,1922,8,TMAX,36.1,22.2,29.1,31
330,USC00110338,1922,9,TMAX,37.8,15.0,26.3,30
331,USC00110338,1922,10,TMAX,30.6,10.0,19.2,31
332,USC00110338,1922,11,TMAX,19.4,1.1,9.8,30
333,USC00110338,1922,12,TMAX,14.4,-9.4,2.4,31
334,USC00110338,1923,1,TMAX,8.3,-5.6,1.7,31
335,USC00110338,1923,2,TMAX,6.7,-11.1,-1.8,28
336,USC00110338,1923,3,TMAX,18.9,-8.9,5.3,31
337,USC00110338,1923,4,TMAX,26.7,3.9,15.4,30
338,USC00110338,1923,5,TMAX,27.8,13.3,21.3,31
339,USC00110338,1923,6,TMAX,36.7,19.4,28.1,30
340,USC00110338,1923,7,TMAX,35.0,25.6,30.3,31
341,USC00110338,1923,8,TMAX,35.0,18.9,26.9,31
342,USC00110338,1923,9,TMAX,28.9,13.9,23.0,30
343,USC00110338,1923,10,TMAX,24.4,5.6,15.4,31
344,USC00110338,1923,11,TMAX,18.3,1.1,9.2,30
345,USC00110338,1923,12,TMAX,11.1,0.6,6.5,31
346,USC00110338,1924,1,TMAX,6.7,-18.3,-2.7,31
347,USC00110338,1924,2,TMAX,7.8,-5.6,0.6,29
348,USC00110338,1924,3,TMAX,17.2,-1.7,3.9,31
349,USC00110338,1924,4,TMAX,26.7,0.0,14.8,30
350,USC00110338,1924,5,TMAX,29.4,10.6,18.4,31
351,USC00110338,1924,6,TMAX,32.8,14.4,24.1,30
352,USC00110338,1924,7,TMAX,32.2,19.4,26.8,31
353,USC00110338,1924,8,TMAX,33.3,20.0,26.1,31
354,USC00110338,1924,9,TMAX,30.0,12.8,19.5,30
355,USC00110338,1924,10,TMAX,26.7,10.6,20.6,31
356,USC00110338,1924,11,TMAX,23.9,-4.4,9.9,30
357,USC00110338,1924,12,TMAX,11.1,-19.4,-1.5,31
358,USC00110338,1925,1,TMAX,6.1,-8.9,-0.8,31
359,USC00110338,1925,2,TMAX,13.9,-6.1,4.0,28
360,USC00110338,1925,3,TMAX,25.0,-8.3,10.1,31
361,USC00110338,1925,4,TMAX,30.6,8.9,19.5,30
362,USC00110338,1925,5,TMAX,33.3,10.6,20.5,31
363,USC00110338,1925,6,TMAX,34.4,19.4,27.8,30
364,USC00110338,1925,7,TMAX,35.6,21.1,28.7,31
365,USC00110338,1925,8,TMAX,36.7,22.8,29.6,31
366,USC00110338,1925,9,TMAX,36.7,16.7,26.3,30
367,USC00110338,1925,10,TMAX,23.9,-3.3,10.6,31
368,USC00110338,1925,11,TMAX,15.0,-2.2,7.6,30
369,USC00110338,1925,12,TMAX,10.0,-17.2,-1.1,31
370,USC00110338,1926,1,TMAX,10.0,-12.8,1.0,31
371,USC00110338,1926,2,TMAX,12.2,-2.8,2.4,28
372,USC00110338,1926,3,TMAX,21.1,-6.1,3.9,31
373,USC00110338,1926,4,TMAX,31.1,0.0,12.1,30
374,USC00110338,1926,5,TMAX,30.6,7.2,23.3,31
375,USC00110338,1926,6,TMAX,31.1,18.3,24.5,30
376,USC00110338,1926,7,TMAX,35.0,21.7,28.2,31
377,USC00110338,1926,8,TMAX,33.9,20.6,28.2,31
378,USC00110338,1926,9,TMAX,30.6,9.4,21.7,30
379,USC00110338,1926,10,TMAX,28.9,5.6,15.1,31
380,USC00110338,1926,11,TMAX,17.2,-5.0,6.2,30
381,USC00110338,1926,12,TMAX,7.8,-11.7,0.1,31
382,USC00110338,1927,1,TMAX,6.7,-14.4,-1.0,31
383,USC00110338,1927,2,TMAX,13.3,-0.6,5.2,28
384,USC00110338,1927,3,TMAX,21.7,0.0,10.0,31
385,USC00110338,1927,4,TMAX,26.1,5.0,14.4,30
386,USC00110338,1927,5,TMAX,29.4,10.0,19.5,31
387,USC00110338,1927,6,TMAX,35.0,18.3,24.3,30
388,USC00110338,1927,7,TMAX,35.6,22.8,29.0,31
389,USC00110338,1927,8,TMAX,33.9,20.0,25.9,31
390,USC00110338,1927,9,TMAX,36.7,14.4,26.4,30
391,USC00110338,1927,10,TMAX,28.9,8.3,19.8,31
392,USC00110338,1927,11,TMAX,23.9,-1.1,10.7,30
393,USC00110338,1927,12,TMAX,10.6,-11.1,1.3,31
394,USC00110338,1928,1,TMAX,15.0,-13.9,0.4,31
395,USC00110338,1928,2,TMAX,12.2,-7.8,3.3,29
396,USC00110338,1928,3,TMAX,26.7,-0.6,8.4,31
397,USC00110338,1928,4,TMAX,25.0,2.2,13.7,30
398,USC00110338,1928,5,TMAX,32.8,16.1,23.2,31
399,USC00110338,1928,6,TMAX,32.2,12.2,24.5,30
400,USC00110338,1928,7,TMAX,34.4,23.3,29.3,31
401,USC00110338,1928,8,TMAX,34.4,22.2,29.1,31
402,USC00110338,1928,9,TMAX,32.2,11.1,22.9,30
403,USC00110338,1928,10,TMAX,31.1,6.7,18.6,31
404,USC00110338,1928,11,TMAX,20.6,1.1,9.0,30
405,USC00110338,1928,12,TMAX,10.0,-10.0,3.5,31
406,USC00110338,1929,1,TMAX,5.0,-12.8,-3.1,31
407,USC00110338,1929,2,TMAX,8.3,-12.8,-1.6,28
408,USC00110338,1929,3,TMAX,23.3,-0.6,11.7,31
409,USC00110338,1929,4,TMAX,29.4,6.7,16.1,30
410,USC00110338,1929,5,TMAX,32.8,8.9,20.5,31
411,USC00110338,1929,6,TMAX,32.8,13.3,25.2,30
412,USC00110338,1929,7,TMAX,35.0,21.7,29.5,31
413,USC00110338,1929,8,TMAX,35.6,20.0,27.8,31
414,USC00110338,1929,9,TMAX,35.0,13.9,24.1,30
415,USC00110338,1929,10,TMAX,27.2,1.7,15.6,31
416,USC00110338,1929,11,TMAX,17.2,-8.9,6.4,30
417,USC00110338,1929,12,TMAX,10.0,-9.4,0.9,31
418,USC00110338,1930,1,TMAX,10.0,-16.1,-3.1,31
419,USC00110338,1930,2,TMAX,19.4,-3.9,7.7,28
420,USC00110338,1930,3,TMAX,23.3,-3.3,8.0,31
421,USC00110338,1930,4,TMAX,33.3,8.9,17.2,30
422,USC00110338,1930,5,TMAX,31.7,8.9,21.7,31
423,USC00110338,1930,6,TMAX,35.6,16.1,26.4,30
424,USC00110338,1930,7,TMAX,39.4,19.4,30.5,31
425,USC00110338,1930,8,TMAX,40.0,23.3,29.2,31
426,USC00110338,1930,9,TMAX,33.3,14.4,24.6,30
427,USC00110338,1930,10,TMAX,27.8,3.9,15.5,31
428,USC00110338,1930,11,TMAX,23.3,-8.9,10.4,30
429,USC00110338,1930,12,TMAX,10.6,-3.9,1.8,31
430,USC00110338,1931,1,TMAX,8.9,-7.8,2.6,27
431,USC00110338,1931,2,TMAX,12.8,-0.6,5.9,27
432,USC00110338,1931,4,TMAX,28.9,6.7,17.3,30
433,USC00110338,1931,5,TMAX,30.0,6.1,20.0,31
434,USC00110338,1931,6,TMAX,37.8,13.9,28.8,30
435,USC00110338,1931,7,TMAX,37.8,25.6,31.7,31
436,USC00110338,1931,8,TMAX,35.6,22.2,29.8,31
437,USC00110338,1931,9,TMAX,35.0,15.0,27.2,30
438,USC00110338,1931,10,TMAX,29.4,8.9,18.9,31
439,USC00110338,1931,11,TMAX,23.3,0.0,13.5,30
440,USC00110338,1931,12,TMAX,12.8,-0.6,5.6,31
441,USC00110338,1932,1,TMAX,13.9,-9.4,3.3,31
442,USC00110338,1932,2,TMAX,19.4,-1.7,5.9,29
443,USC00110338,1932,3,TMAX,19.4,-11.1,2.9,31
444,USC00110338,1932,4,TMAX,23.9,6.1,15.2,30
445,USC00110338,1932,5,TMAX,32.2,14.4,23.2,31
446,USC00110338,1932,6,TMAX,32.8,21.7,28.2,30
447,USC00110338,1932,7,TMAX,36.7,20.0,30.9,31
448,USC00110338,1932,8,TMAX,35.0,21.1,29.5,31
449,USC00110338,1932,9,TMAX,31.1,16.7,24.0,30
450,USC00110338,1932,10,TMAX,28.3,6.1,16.6,31
451,USC00110338,1932,11,TMAX,18.3,-1.1,7.2,30
452,USC00110338,1932,12,TMAX,13.9,-11.7,1.0,15
453,USC00110338,1933,1,TMAX,12.8,-2.8,6.2,31
454,USC00110338,1933,2,TMAX,13.9,-20.0,1.6,28
455,USC00110338,1933,3,TMAX,22.2,-3.3,6.4,31
456,USC00110338,1933,4,TMAX,27.8,5.0,14.5,30
457,USC00110338,1933,5,TMAX,30.0,8.3,21.1,31
458,USC00110338,1933,6,TMAX,38.3,21.1,32.5,30
459,USC00110338,1933,7,TMAX,36.7,23.9,31.0,31
460,USC00110338,1933,8,TMAX,33.3,22.8,28.7,31
461,USC00110338,1933,9,TMAX,37.2,15.0,27.6,30
462,USC00110338,1933,10,TMAX,26.1,6.1,16.8,31
463,USC00110338,1933,11,TMAX,26.1,-3.9,8.9,30
464,USC00110338,1933,12,TMAX,12.8,-13.9,2.9,31
465,USC00110338,1934,1,TMAX,11.7,-16.7,3.0,31
466,USC00110338,1934,2,TMAX,13.9,-12.2,-0.5,28
467,USC00110338,1934,3,TMAX,17.8,-2.8,5.6,31
468,USC00110338,1934,4,TMAX,26.7,6.1,17.5,30
469,USC00110338,1934,5,TMAX,40.0,17.2,27.6,31
470,USC00110338,1934,6,TMAX,41.1,18.9,30.9,30
471,USC00110338,1934,7,TMAX,41.7,23.9,32.2,31
472,USC00110338,1934,8,TMAX,40.6,17.8,28.5,31
473,USC00110338,1934,9,TMAX,31.7,15.6,22.7,30
474,USC00110338,1934,10,TMAX,27.8,8.3,19.1,31
475,USC00110338,1934,11,TMAX,19.4,3.3,11.3,30
476,USC00110338,1934,12,TMAX,3.3,-7.2,-0.7,31
477,USC00110338,1935,1,TMAX,5.6,-12.2,0.1,31
478,USC00110338,1935,2,TMAX,6.1,-6.1,1.5,28
479,USC00110338,1935,3,TMAX,22.2,0.0,10.7,31
480,USC00110338,1935,4,TMAX,29.4,5.0,13.4,30
481,USC00110338,1935,5,TMAX,26.1,5.0,17.4,31
482,USC00110338,1935,6,TMAX,31.7,13.9,24.5,30
483,USC00110338,1935,7,TMAX,36.7,25.6,31.6,31
484,USC00110338,1935,8,TMAX,35.0,20.0,28.7,31
485,USC00110338,1935,9,TMAX,32.8,13.9,25.1,30
486,USC00110338,1935,10,TMAX,27.8,9.4,17.7,31
487,USC00110338,1935,11,TMAX,17.8,-2.8,7.3,30
488,USC00110338,1935,12,TMAX,8.3,-8.3,-0.7,31
489,USC00110338,1936,1,TMAX,7.8,-18.3,-4.0,31
490,USC00110338,1936,2,TMAX,11.1,-18.3,-5.4,29
491,USC00110338,1936,3,TMAX,23.9,-1.1,9.5,31
492,USC00110338,1936,4,TMAX,28.9,-1.1,13.7,30
493,USC00110338,1936,5,TMAX,32.2,12.2,25.3,31
494,USC00110338,1936,6,TMAX,36.1,18.9,27.6,30
495,USC00110338,1936,7,TMAX,43.9,28.3,35.8,31
496,USC00110338,1936,8,TMAX,38.9,22.8,32.1,31
497,USC00110338,1936,9,TMAX,33.9,13.3,24.9,30
498,USC00110338,1936,10,TMAX,26.7,6.7,17.0,31
499,USC00110338,1936,11,TMAX,18.3,-3.9,7.6,30
500,USC00110338,1936,12,TMAX,15.0,-9.4,4.7,31
501,USC00110338,1937,1,TMAX,7.2,-10.6,0.8,31
502,USC00110338,1937,2,TMAX,10.0,-7.2,0.9,28
503,USC00110338,1937,3,TMAX,18.9,-3.3,5.3,31
504,USC00110338,1937,4,TMAX,26.7,4.4,13.9,30
505,USC00110338,1937,5,TMAX,34.4,10.6,22.2,31
506,USC00110338,1937,6,TMAX,37.2,18.3,25.9,30
507,USC00110338,1937,7,TMAX,36.1,22.8,31.2,31
508,USC00110338,1937,8,TMAX,36.7,23.3,32.1,31
509,USC00110338,1937,9,TMAX,34.4,13.9,24.8,30
510,USC00110338,1937,10,TMAX,31.7,4.4,15.6,31
511,USC00110338,1937,11,TMAX,24.4,-3.9,8.5,30
512,USC00110338,1937,12,TMAX,9.4,-8.3,-0.2,31
513,USC00110338,1938,1,TMAX,9.4,-10.0,-0.3,31
514,USC00110338,1938,2,TMAX,16.1,-2.8,4.8,28
515,USC00110338,1938,3,TMAX,27.2,-0.6,12.3,31
516,USC00110338,1938,4,TMAX,28.3,1.1,15.7,30
517,USC00110338,1938,5,TMAX,31.7,10.0,21.7,31
518,USC00110338,1938,6,TMAX,33.9,19.4,25.7,30
519,USC00110338,1938,7,TMAX,35.0,26.7,29.8,31
520,USC00110338,1938,8,TMAX,35.0,23.9,30.6,31
521,USC00110338,1938,9,TMAX,32.8,10.0,24.1,30
522,USC00110338,1938,10,TMAX,30.6,6.7,21.2,31
523,USC00110338,1938,11,TMAX,25.0,-2.2,11.8,30
524,USC00110338,1938,12,TMAX,11.7,-10.0,2.4,31
525,USC00110338,1939,1,TMAX,12.8,-5.0,2.9,31
526,USC00110338,1939,2,TMAX,12.2,-7.2,1.8,28
527,USC00110338,1939,3,TMAX,27.8,-3.3,9.7,31
528,USC00110338,1939,4,TMAX,28.9,4.4,13.5,30
529,USC00110338,1939,5,TMAX,32.8,14.4,24.9,31
530,USC00110338,1939,6,TMAX,33.9,18.9,27.9,30
531,USC00110338,1939,7,TMAX,37.8,21.7,30.4,31
532,USC00110338,1939,8,TMAX,35.0,20.0,29.4,31
533,USC00110338,1939,9,TMAX,39.4,12.2,29.2,30
534,USC00110338,1939,10,TMAX,30.6,5.0,19.0,31
535,USC00110338,1939,11,TMAX,19.4,3.3,9.3,30
536,USC00110338,1939,12,TMAX,15.0,-8.9,5.5,31
537,USC00110338,1940,1,TMAX,3.3,-16.7,-5.0,31
538,USC00110338,1940,2,TMAX,5.6,-5.0,1.6,29
539,USC00110338,1940,3,TMAX,22.8,-5.0,4.3,31
540,USC00110338,1940,4,TMAX,24.4,2.2,14.2,30
541,USC00110338,1940,5,TMAX,31.1,2.8,19.0,31
542,USC00110338,1940,6,TMAX,33.9,16.7,26.9,30
543,USC00110338,1940,7,TMAX,40.6,21.7,31.2,31
544,USC00110338,1940,8,TMAX,36.1,17.8,28.8,31
545,USC00110338,1940,9,TMAX,33.3,15.6,25.0,30
546,USC00110338,1940,10,TMAX,30.0,10.6,20.2,31
547,USC00110338,1940,11,TMAX,22.8,-4.4,8.4,30
548,USC00110338,1940,12,TMAX,11.7,-11.7,4.0,31
549,USC00110338,1941,1,TMAX,9.4,-7.8,1.4,31
550,USC00110338,1941,2,TMAX,8.9,-10.6,0.7,28
551,USC00110338,1941,3,TMAX,13.3,-9.4,5.4,31
552,USC00110338,1941,4,TMAX,28.9,6.7,18.6,30
553,USC00110338,1941,5,TMAX,32.2,11.1,25.0,31
554,USC00110338,1941,6,TMAX,35.0,17.2,26.9,30
555,USC00110338,1941,7,TMAX,36.1,22.2,29.9,31
556,USC00110338,1941,8,TMAX,36.7,21.1,29.6,31
557,USC00110338,1941,9,TMAX,33.3,15.0,26.6,30
558,USC00110338,1941,10,TMAX,26.7,6.7,17.8,31
559,USC00110338,1941,11,TMAX,21.7,-0.6,10.2,30
560,USC00110338,1941,12,TMAX,14.4,-2.8,5.1,31
561,USC00110338,1942,1,TMAX,10.6,-17.2,0.2,31
562,USC00110338,1942,2,TMAX,3.3,-9.4,-0.4,28
563,USC00110338,1942,3,TMAX,22.2,2.2,9.6,31
564,USC00110338,1942,4,TMAX,32.2,5.0,19.1,30
565,USC00110338,1942,5,TMAX,33.3,10.0,22.1,31
566,USC00110338,1942,6,TMAX,33.9,17.8,27.0,30
567,USC00110338,1942,7,TMAX,36.1,22.2,29.8,31
568,USC00110338,1942,8,TMAX,32.2,21.1,27.9,31
569,USC00110338,1942,9,TMAX,31.1,7.8,22.4,30
570,USC00110338,1942,10,TMAX,27.8,2.2,17.6,31
571,USC00110338,1942,11,TMAX,22.8,-0.6,10.3,30
572,USC00110338,1942,12,TMAX,10.6,-10.0,-1.1,31
573,USC00110338,1943,1,TMAX,6.1,-8.9,-0.5,31
574,USC00110338,1943,2,TMAX,15.6,-15.0,3.1,28
575,USC00110338,1943,3,TMAX,25.6,-10.0,6.2,31
576,USC00110338,1943,4,TMAX,23.3,3.3,14.2,30
577,USC00110338,1943,5,TMAX,30.0,10.6,19.0,31
578,USC00110338,1943,6,TMAX,35.0,16.7,28.2,30
579,USC00110338,1943,7,TMAX,34.4,24.4,30.1,31
580,USC00110338,1943,8,TMAX,33.3,22.8,29.0,31
581,USC00110338,1943,9,TMAX,29.4,13.9,22.1,30
582,USC00110338,1943,10,TMAX,27.8,6.7,17.8,31
583,USC00110338,1943,11,TMAX,15.6,0.0,6.3,30
584,USC00110338,1943,12,TMAX,12.8,-10.6,2.3,31
585,USC00110338,1944,1,TMAX,16.7,-8.3,4.9,31
586,USC00110338,1944,2,TMAX,14.4,-10.6,2.4,29
587,USC00110338,1944,3,TMAX,19.4,-7.8,4.5,31
588,USC00110338,1944,4,TMAX,22.8,2.2,13.2,30
589,USC00110338,1944,5,TMAX,33.3,7.8,24.0,31
590,USC00110338,1944,6,TMAX,36.1,16.7,28.6,30
591,USC00110338,1944,7,TMAX,34.4,25.0,30.5,31
592,USC00110338,1944,8,TMAX,37.2,19.4,30.2,31
593,USC00110338,1944,9,TMAX,33.9,14.4,25.1,30
594,USC00110338,1944,10,TMAX,28.9,7.8,18.8,31
595,USC00110338,1944,11,TMAX,25.6,-0.6,9.9,30
596,USC00110338,1944,12,TMAX,5.0,-9.4,-1.6,31
597,USC00110338,1945,1,TMAX,3.3,-11.7,-3.4,31
598,USC00110338,1945,2,TMAX,11.1,-8.9,1.6,28
599,USC00110338,1945,3,TMAX,27.2,3.3,15.9,30
600,USC00110338,1945,4,TMAX,27.2,6.7,15.8,30
601,USC00110338,1945,5,TMAX,27.2,5.6,18.5,31
602,USC00110338,1945,6,TMAX,33.9,10.6,25.0,30
603,USC00110338,1945,7,TMAX,37.2,21.1,28.5,31
604,USC00110338,1945,8,TMAX,33.9,21.7,28.3,31
605,USC00110338,1945,9,TMAX,32.8,11.7,22.5,30
606,USC00110338,1945,10,TMAX,25.6,5.6,16.8,30
607,USC00110338,1945,11,TMAX,23.3,-6.1,8.6,30
608,USC00110338,1945,12,TMAX,11.7,-13.9,-2.6,30
609,USC00110338,1946,1,TMAX,11.1,-8.3,1.2,31
610,USC00110338,1946,2,TMAX,12.8,-7.2,3.0,28
611,USC00110338,1946,3,TMAX,24.4,1.1,14.4,31
612,USC00110338,1946,4,TMAX,28.3,6.1,17.8,30
613,USC00110338,1946,5,TMAX,27.8,13.3,20.2,31
614,USC00110338,1946,6,TMAX,33.3,11.1,26.1,30
615,USC00110338,1946,7,TMAX,36.7,23.3,30.1,31
616,USC00110338,1946,8,TMAX,32.8,18.3,27.1,31
617,USC00110338,1946,9,TMAX,31.7,15.6,25.6,30
618,USC00110338,1946,10,TMAX,30.0,8.9,21.9,31
619,USC00110338,1946,11,TMAX,18.3,-1.1,10.5,30
620,USC00110338,1946,12,TMAX,17.8,-10.0,4.6,31
621,USC00110338,1947,1,TMAX,10.0,-11.1,2.1,31
622,USC00110338,1947,2,TMAX,8.9,-13.9,-2.5,28
623,USC00110338,1947,3,TMAX,13.3,-2.8,4.3,31
624,USC00110338,1947,4,TMAX,24.4,5.0,14.9,30
625,USC00110338,1947,5,TMAX,30.0,10.0,19.1,31
626,USC00110338,1947,6,TMAX,33.3,16.7,25.6,30
627,USC00110338,1947,7,TMAX,35.0,21.7,28.2,29
628,USC00110338,1947,8,TMAX,36.7,25.6,32.6,31
629,USC00110338,1947,9,TMAX,33.3,11.1,24.9,30
630,USC00110338,1947,10,TMAX,30.0,12.8,22.8,31
631,USC00110338,1947,11,TMAX,15.0,-6.1,5.5,30
632,USC00110338,1947,12,TMAX,13.9,-3.3,3.2,31
633,USC00110338,1948,1,TMAX,4.4,-15.6,-2.4,31
634,USC00110338,1948,2,TMAX,13.3,-5.6,1.5,29
635,USC00110338,1948,3,TMAX,22.8,-7.2,7.6,31
636,USC00110338,1948,4,TMAX,28.9,6.1,18.3,30
637,USC00110338,1948,5,TMAX,28.3,10.6,20.0,31
638,USC00110338,1948,6,TMAX,32.2,17.8,26.2,30
639,USC00110338,1948,7,TMAX,33.3,23.3,29.2,31
640,USC00110338,1948,8,TMAX,35.0,22.2,29.0,31
641,USC00110338,1948,9,TMAX,32.8,18.3,25.2,30
642,USC00110338,1948,10,TMAX,26.1,11.1,16.7,31
643,USC00110338,1948,11,TMAX,20.0,2.2,10.1,30
644,USC00110338,1948,12,TMAX,15.0,-6.7,2.7,31
645,USC00110338,1949,1,TMAX,15.0,-11.1,1.3,31
646,USC00110338,1949,2,TMAX,10.6,-6.7,1.1,28
647,USC00110338,1949,3,TMAX,23.3,-1.7,7.8,31
648,USC00110338,1949,4,TMAX,24.4,5.6,15.6,30
649,USC00110338,1949,5,TMAX,32.2,13.3,22.9,31
650,USC00110338,1949,6,TMAX,35.6,22.2,29.4,30
651,USC00110338,1949,7,TMAX,36.7,21.7,30.9,31
652,USC00110338,1949,8,TMAX,34.4,23.9,29.4,31
653,USC00110338,1949,9,TMAX,28.9,13.9,21.6,30
654,USC00110338,1949,10,TMAX,30.0,6.1,20.4,31
655,USC00110338,1949,11,TMAX,21.1,-1.1,10.1,30
656,USC00110338,1949,12,TMAX,18.3,-6.1,4.2,30
657,USC00110338,1950,1,TMAX,18.3,-6.1,4.2,31
658,USC00110338,1950,2,TMAX,5.0,-10.0,0.6,28
659,USC00110338,1950,3,TMAX,17.8,-8.9,4.7,31
660,USC00110338,1950,4,TMAX,24.4,1.7,11.0,30
661,USC00110338,1950,5,TMAX,32.2,12.8,22.4,31
662,USC00110338,1950,6,TMAX,31.7,13.3,26.1,29
663,USC00110338,1950,7,TMAX,32.2,24.4,28.4,31
664,USC00110338,1950,8,TMAX,33.3,18.9,26.9,31
665,USC00110338,1950,9,TMAX,31.1,13.9,23.3,30
666,USC00110338,1950,10,TMAX,30.0,11.7,20.6,31
667,USC00110338,1950,11,TMAX,27.2,-11.7,5.7,29
668,USC00110338,1950,12,TMAX,8.3,-10.0,-3.1,31
669,USC00110338,1951,1,TMAX,10.0,-17.8,-1.4,31
670,USC00110338,1951,2,TMAX,12.8,-15.6,1.0,28
671,USC00110338,1951,3,TMAX,19.4,-3.3,6.2,31
672,USC00110338,1951,4,TMAX,28.3,2.2,13.5,30
673,USC00110338,1951,5,TMAX,31.1,8.9,23.1,31
674,USC00110338,1951,6,TMAX,31.7,15.6,24.8,30
675,USC00110338,1951,7,TMAX,33.9,21.7,28.2,31
676,USC00110338,1951,8,TMAX,32.8,21.7,26.2,31
677,USC00110338,1951,9,TMAX,32.2,16.1,22.2,23
678,USC00110338,1951,10,TMAX,30.6,4.4,18.4,31
679,USC00110338,1951,11,TMAX,18.3,-3.3,4.9,30
680,USC00110338,1951,12,TMAX,17.2,-18.3,0.6,31
681,USC00110338,1952,1,TMAX,12.2,-12.2,1.4,31
682,USC00110338,1952,2,TMAX,11.1,-1.1,3.9,29
683,USC00110338,1952,3,TMAX,17.8,-2.2,5.8,31
684,USC00110338,1952,4,TMAX,28.9,5.0,17.1,30
685,USC00110338,1952,5,TMAX,32.8,11.7,20.8,31
686,USC00110338,1952,6,TMAX,36.1,18.3,28.6,30
687,USC00110338,1952,7,TMAX,35.0,23.3,30.0,31
688,USC00110338,1952,8,TMAX,32.8,20.0,27.5,31
689,USC00110338,1952,9,TMAX,32.8,18.3,24.9,30
690,USC00110338,1952,10,TMAX,28.9,5.0,16.0,31
691,USC00110338,1952,11,TMAX,23.3,-4.4,10.9,30
692,USC00110338,1952,12,TMAX,13.3,-3.9,2.4,31
693,USC00110338,1953,1,TMAX,12.8,-9.4,1.2,31
694,USC00110338,1953,2,TMAX,12.8,-6.7,4.4,28
695,USC00110338,1953,3,TMAX,23.9,-4.4,8.0,31
696,USC00110338,1953,4,TMAX,26.7,5.6,13.3,30
697,USC00110338,1953,5,TMAX,32.2,12.2,22.0,31
698,USC00110338,1953,6,TMAX,37.2,22.2,29.0,30
699,USC00110338,1953,7,TMAX,34.4,23.3,29.9,31
700,USC00110338,1953,8,TMAX,36.7,23.9,30.0,31
701,USC00110338,1953,9,TMAX,37.2,15.6,26.1,30
702,USC00110338,1953,10,TMAX,31.1,10.0,21.7,31
703,USC00110338,1953,11,TMAX,22.8,-1.1,11.2,30
704,USC00110338,1953,12,TMAX,13.3,-11.1,3.3,31
705,USC00110338,1954,1,TMAX,10.0,-10.6,1.2,31
706,USC00110338,1954,2,TMAX,19.4,-2.8,7.0,28
707,USC00110338,1954,3,TMAX,19.4,-3.3,6.1,31
708,USC00110338,1954,4,TMAX,28.3,-1.7,17.5,30
709,USC00110338,1954,5,TMAX,29.4,10.0,19.6,31
710,USC00110338,1954,6,TMAX,35.6,14.4,29.1,30
711,USC00110338,1954,7,TMAX,35.6,22.2,29.8,31
712,USC00110338,1954,8,TMAX,32.8,19.4,27.0,31
713,USC00110338,1954,9,TMAX,34.4,18.3,25.9,30
714,USC00110338,1954,10,TMAX,32.2,4.4,17.0,31
715,USC00110338,1954,11,TMAX,20.6,0.0,9.6,30
716,USC00110338,1954,12,TMAX,7.2,-1.7,2.1,30
717,USC00110338,1955,1,TMAX,7.2,-16.1,-0.8,31
718,USC00110338,1955,2,TMAX,8.3,-13.3,1.4,28
719,USC00110338,1955,3,TMAX,21.1,-6.1,8.3,31
720,USC00110338,1955,4,TMAX,27.2,10.0,19.9,30
721,USC00110338,1955,5,TMAX,30.6,10.6,23.6,31
722,USC00110338,1955,6,TMAX,33.3,12.8,25.1,30
723,USC00110338,1955,7,TMAX,36.1,26.7,31.9,31
724,USC00110338,1955,8,TMAX,35.0,23.3,30.4,31
725,USC00110338,1955,9,TMAX,33.3,18.3,25.7,30
726,USC00110338,1955,10,TMAX,25.6,4.4,18.6,31
727,USC00110338,1955,11,TMAX,21.1,-8.3,6.9,30
728,USC00110338,1955,12,TMAX,9.4,-10.6,0.6,31
729,USC00110338,1956,1,TMAX,6.7,-7.8,1.5,31
730,USC00110338,1956,2,TMAX,7.8,-2.8,2.0,29
731,USC00110338,1956,3,TMAX,15.6,-1.7,7.5,31
732,USC00110338,1956,4,TMAX,27.2,5.0,15.3,30
733,USC00110338,1956,5,TMAX,32.2,11.7,22.4,31
734,USC00110338,1956,6,TMAX,35.0,16.1,29.1,30
735,USC00110338,1956,7,TMAX,37.2,20.6,27.5,30
736,USC00110338,1956,8,TMAX,35.0,22.2,28.3,31
737,USC00110338,1956,9,TMAX,33.3,16.1,25.6,30
738,USC00110338,1956,10,TMAX,28.9,15.6,22.7,31
739,USC00110338,1956,11,TMAX,23.3,-2.8,9.6,30
740,USC00110338,1956,12,TMAX,16.7,-4.4,3.2,31
741,USC00110338,1957,1,TMAX,12.8,-16.1,-3.3,31
742,USC00110338,1957,2,TMAX,16.7,-2.2,4.2,28
743,USC00110338,1957,3,TMAX,21.1,-0.6,7.8,31
744,USC00110338,1957,4,TMAX,28.3,2.2,14.9,30
745,USC00110338,1957,5,TMAX,28.9,9.4,20.1,31
746,USC00110338,1957,6,TMAX,32.8,17.8,26.6,30
747,USC00110338,1957,7,TMAX,35.6,23.9,29.6,31
748,USC00110338,1957,8,TMAX,33.3,23.3,28.1,31
749,USC00110338,1957,9,TMAX,32.2,15.0,23.2,30
750,USC00110338,1957,10,TMAX,23.3,7.2,16.3,31
751,USC00110338,1957,11,TMAX,17.2,0.0,8.7,30
752,USC00110338,1957,12,TMAX,13.3,-8.9,5.1,31
753,USC00110338,1958,1,TMAX,4.4,-10.0,-1.1,31
754,USC00110338,1958,2,TMAX,12.8,-15.6,-3.3,28
755,USC00110338,1958,3,TMAX,14.4,1.7,6.3,31
756,USC00110338,1958,4,TMAX,27.8,7.8,16.2,30
757,USC00110338,1958,5,TMAX,30.0,10.6,23.6,31
758,USC00110338,1958,6,TMAX,30.0,17.8,23.3,30
759,USC00110338,1958,7,TMAX,31.1,22.8,27.1,31
760,USC00110338,1958,8,TMAX,34.4,21.1,28.7,31
761,USC00110338,1958,9,TMAX,30.6,15.6,24.5,30
762,USC00110338,1958,10,TMAX,27.2,10.0,20.2,31
763,USC00110338,1958,11,TMAX,21.1,-6.1,11.0,30
764,USC00110338,1958,12,TMAX,9.4,-16.1,-1.9,31
765,USC00110338,1959,1,TMAX,4.4,-16.1,-3.6,31
766,USC00110338,1959,2,TMAX,10.0,-11.1,0.2,28
767,USC00110338,1959,3,TMAX,22.8,-1.1,8.0,31
768,USC00110338,1959,4,TMAX,23.9,5.0,15.4,30
769,USC00110338,1959,5,TMAX,32.2,13.3,24.3,31
770,USC00110338,1959,6,TMAX,32.2,22.8,28.4,30
771,USC00110338,1959,7,TMAX,32.2,20.6,29.1,31
772,USC00110338,1959,8,TMAX,33.9,25.0,30.0,31
773,USC00110338,1959,9,TMAX,34.4,13.9,25.5,30
774,USC00110338,1959,10,TMAX,22.8,4.4,14.6,31
775,USC00110338,1959,11,TMAX,17.8,-10.6,4.8,30
776,USC00110338,1959,12,TMAX,13.3,-1.7,5.0,31
777,USC00110338,1960,1,TMAX,13.9,-10.6,0.4,31
778,USC00110338,1960,2,TMAX,5.6,-7.8,-0.7,29
779,USC00110338,1960,3,TMAX,21.1,-7.2,0.6,31
780,USC00110338,1960,4,TMAX,28.9,4.4,17.2,30
781,USC00110338,1960,5,TMAX,28.9,5.6,20.1,31
782,USC00110338,1960,6,TMAX,31.7,16.7,25.2,30
783,USC00110338,1960,7,TMAX,32.8,22.8,28.4,31
784,USC00110338,1960,8,TMAX,33.3,22.2,28.5,31
785,USC00110338,1960,9,TMAX,35.0,16.7,25.6,30
786,USC00110338,1960,10,TMAX,27.8,8.3,18.4,31
787,USC00110338,1960,11,TMAX,21.1,-1.7,10.3,30
788,USC00110338,1960,12,TMAX,15.6,-13.3,1.7,17
789,USC00110338,1961,1,TMAX,10.0,-11.1,-0.8,31
790,USC00110338,1961,2,TMAX,14.4,-5.6,5.2,28
791,USC00110338,1961,3,TMAX,21.1,1.1,8.9,31
792,USC00110338,1961,4,TMAX,21.1,0.0,11.9,30
793,USC00110338,1961,5,TMAX,30.6,10.0,20.0,31
794,USC00110338,1961,6,TMAX,35.0,18.3,27.2,30
795,USC00110338,1961,7,TMAX,32.2,17.8,27.9,31
796,USC00110338,1961,8,TMAX,33.9,18.9,28.2,31
797,USC00110338,1961,9,TMAX,32.2,11.1,25.4,30
798,USC00110338,1961,10,TMAX,26.7,8.9,17.8,31
799,USC00110338,1961,11,TMAX,24.4,1.7,8.9,30
800,USC00110338,1961,12,TMAX,16.1,-12.2,0.2,31
801,USC00110338,1962,1,TMAX,4.4,-17.2,-4.5,31
802,USC00110338,1962,2,TMAX,8.3,-12.2,0.2,28
803,USC00110338,1962,3,TMAX,22.2,-7.2,4.8,31
804,USC00110338,1962,4,TMAX,28.9,7.2,15.8,30
805,USC00110338,1962,5,TMAX,31.7,11.1,24.8,31
806,USC00110338,1962,6,TMAX,33.3,16.7,28.0,30
807,USC00110338,1962,7,TMAX,32.8,18.3,26.5,31
808,USC00110338,1962,8,TMAX,34.4,21.1,29.2,31
809,USC00110338,1962,9,TMAX,32.8,15.6,23.6,30
810,USC00110338,1962,10,TMAX,30.6,1.7,19.2,31
811,USC00110338,1962,11,TMAX,17.8,3.3,9.9,30
812,USC00110338,1962,12,TMAX,17.2,-12.2,0.1,31
813,USC00110338,1963,1,TMAX,7.2,-17.2,-6.8,31
814,USC00110338,1963,2,TMAX,8.3,-16.1,-2.5,28
815,USC00110338,1963,3,TMAX,26.1,1.1,10.0,31
816,USC00110338,1963,4,TMAX,26.7,7.2,17.6,30
817,USC00110338,1963,5,TMAX,31.1,12.8,21.0,31
818,USC00110338,1963,6,TMAX,35.0,20.0,28.9,30
819,USC00110338,1963,7,TMAX,36.1,21.1,28.9,31
820,USC00110338,1963,8,TMAX,31.7,21.7,27.2,31
821,USC00110338,1963,9,TMAX,31.1,16.1,24.8,30
822,USC00110338,1963,10,TMAX,32.2,11.1,24.0,31
823,USC00110338,1963,11,TMAX,20.0,1.7,11.9,30
824,USC00110338,1963,12,TMAX,15.0,-15.6,-4.1,31
825,USC00110338,1964,1,TMAX,13.9,-6.7,2.8,31
826,USC00110338,1964,2,TMAX,11.7,-3.3,2.5,29
827,USC00110338,1964,3,TMAX,17.8,-1.1,7.3,31
828,USC00110338,1964,4,TMAX,27.8,5.0,16.0,30
829,USC00110338,1964,5,TMAX,31.7,13.9,24.8,31
830,USC00110338,1964,6,TMAX,33.9,20.0,28.5,30
831,USC00110338,1964,7,TMAX,36.7,21.1,29.2,31
832,USC00110338,1964,8,TMAX,35.6,17.2,27.1,31
833,USC00110338,1964,9,TMAX,33.3,15.6,24.3,30
834,USC00110338,1964,10,TMAX,26.7,7.8,17.2,31
835,USC00110338,1964,11,TMAX,22.8,-8.9,11.4,30
836,USC00110338,1964,12,TMAX,8.3,-8.3,0.3,31
837,USC00110338,1965,1,TMAX,15.0,-16.1,-0.4,31
838,USC00110338,1965,2,TMAX,13.9,-16.7,1.0,28
839,USC00110338,1965,3,TMAX,13.9,-6.7,1.7,31
840,USC00110338,1965,4,TMAX,25.0,5.6,14.1,30
841,USC00110338,1965,5,TMAX,31.1,12.2,24.6,31
842,USC00110338,1965,6,TMAX,34.4,19.4,27.3,30
843,USC00110338,1965,7,TMAX,36.1,23.3,29.2,31
844,USC00110338,1965,8,TMAX,32.2,17.2,26.0,31
845,USC00110338,1965,9,TMAX,31.1,11.7,22.4,30
846,USC00110338,1965,10,TMAX,27.2,8.9,17.3,31
847,USC00110338,1965,11,TMAX,26.7,-2.8,10.0,30
848,USC00110338,1965,12,TMAX,13.9,-2.2,5.2,31
849,USC00110338,1966,1,TMAX,7.2,-22.2,-4.1,31
850,USC00110338,1966,2,TMAX,12.8,-7.8,1.3,28
851,USC00110338,1966,3,TMAX,22.2,-3.9,8.8,31
852,USC00110338,1966,4,TMAX,23.9,4.4,12.7,30
853,USC00110338,1966,5,TMAX,30.0,6.7,18.5,31
854,USC00110338,1966,6,TMAX,33.9,13.9,27.4,30
855,USC00110338,1966,7,TMAX,37.8,24.4,31.0,31
856,USC00110338,1966,8,TMAX,30.6,19.4,27.0,31
857,USC00110338,1966,9,TMAX,31.1,14.4,23.2,30
858,USC00110338,1966,10,TMAX,26.7,9.4,17.0,31
859,USC00110338,1966,11,TMAX,21.1,1.1,9.8,30
860,USC00110338,1966,12,TMAX,14.4,-9.4,0.2,31
861,USC00110338,1967,1,TMAX,17.2,-13.9,1.5,31
862,USC00110338,1967,2,TMAX,7.2,-14.4,-2.2,28
863,USC00110338,1967,3,TMAX,25.0,-2.8,7.4,31
864,USC00110338,1967,4,TMAX,26.7,6.1,15.5,29
865,USC00110338,1967,5,TMAX,32.8,5.6,18.8,31
866,USC00110338,1967,6,TMAX,33.3,22.2,27.6,30
867,USC00110338,1967,7,TMAX,31.7,19.4,27.3,31
868,USC00110338,1967,8,TMAX,31.1,17.8,26.0,31
869,USC00110338,1967,9,TMAX,30.0,8.9,23.7,30
870,USC00110338,1967,10,TMAX,29.4,4.4,16.0,31
871,USC00110338,1967,11,TMAX,15.0,-0.6,6.1,30
872,USC00110338,1967,12,TMAX,15.6,-8.9,2.4,31
873,USC00110338,1968,1,TMAX,10.0,-16.7,-1.2,31
874,USC00110338,1968,2,TMAX,11.7,-9.4,0.3,29
875,USC00110338,1968,3,TMAX,23.3,1.1,11.6,31
876,USC00110338,1968,4,TMAX,25.6,4.4,17.0,30
877,USC00110338,1968,5,TMAX,28.9,13.3,19.7,31
878,USC00110338,1968,6,TMAX,34.4,13.9,27.5,30
879,USC00110338,1968,7,TMAX,33.9,22.8,28.6,31
880,USC00110338,1968,8,TMAX,34.4,21.1,28.7,31
881,USC00110338,1968,9,TMAX,31.7,15.6,24.4,30
882,USC00110338,1968,10,TMAX,30.0,6.7,18.0,31
883,USC00110338,1968,11,TMAX,20.6,-0.6,7.8,30
884,USC00110338,1968,12,TMAX,13.9,-10.0,1.2,31
885,USC00110338,1969,1,TMAX,11.7,-16.7,-2.6,31
886,USC00110338,1969,2,TMAX,5.6,-6.1,1.8,28
887,USC00110338,1969,3,TMAX,22.2,-2.8,6.7,31
888,USC00110338,1969,4,TMAX,26.7,8.3,16.6,30
889,USC00110338,1969,5,TMAX,32.2,10.0,21.6,31
890,USC00110338,1969,6,TMAX,34.4,12.8,24.2,30
891,USC00110338,1969,7,TMAX,34.4,18.9,28.4,31
892,USC00110338,1969,8,TMAX,32.8,22.8,29.2,31
893,USC00110338,1969,9,TMAX,28.9,15.0,24.0,30
894,USC00110338,1969,10,TMAX,30.0,6.7,16.5,31
895,USC00110338,1969,11,TMAX,16.7,-4.4,7.3,30
896,USC00110338,1969,12,TMAX,8.3,-5.6,0.5,31
897,USC00110338,1970,1,TMAX,8.3,-20.0,-6.0,31
898,USC00110338,1970,2,TMAX,8.9,-17.2,0.8,28
899,USC00110338,1970,3,TMAX,12.2,-2.8,5.5,31
900,USC00110338,1970,4,TMAX,30.6,2.8,15.9,30
901,USC00110338,1970,5,TMAX,31.1,8.3,23.2,31
902,USC00110338,1970,6,TMAX,35.6,18.9,27.2,30
903,USC00110338,1970,7,TMAX,36.1,23.3,30.3,31
904,USC00110338,1970,8,TMAX,33.3,22.8,28.8,31
905,USC00110338,1970,9,TMAX,32.2,13.9,24.8,30
906,USC00110338,1970,10,TMAX,26.1,9.4,18.0,31
907,USC00110338,1970,11,TMAX,15.0,-5.6,7.8,30
908,USC00110338,1970,12,TMAX,18.9,-4.4,2.9,31
909,USC00110338,1971,1,TMAX,6.1,-17.8,-3.2,31
910,USC00110338,1971,2,TMAX,13.3,-16.1,1.3,28
911,USC00110338,1971,3,TMAX,22.8,-2.8,5.6,31
912,USC00110338,1971,4,TMAX,29.4,2.8,15.9,30
913,USC00110338,1971,5,TMAX,31.1,9.4,21.7,31
914,USC00110338,1971,6,TMAX,37.2,22.8,30.7,30
915,USC00110338,1971,7,TMAX,31.7,21.1,28.2,31
916,USC00110338,1971,8,TMAX,33.3,22.2,28.7,31
917,USC00110338,1971,9,TMAX,34.4,15.0,26.7,30
918,USC00110338,1971,10,TMAX,32.2,12.2,22.1,31
919,USC00110338,1971,11,TMAX,23.3,0.0,10.1,30
920,USC00110338,1971,12,TMAX,16.7,-3.3,4.7,31
921,USC00110338,1972,1,TMAX,8.3,-23.9,-1.9,31
922,USC00110338,1972,2,TMAX,16.7,-13.9,0.3,29
923,USC00110338,1972,3,TMAX,20.6,-1.1,6.2,30
924,USC00110338,1972,4,TMAX,25.6,2.2,13.6,30
925,USC00110338,1972,5,TMAX,32.2,7.2,23.5,31
926,USC00110338,1972,6,TMAX,34.4,16.7,25.9,30
927,USC00110338,1972,7,TMAX,33.9,22.2,28.2,31
928,USC00110338,1972,8,TMAX,33.3,21.7,27.4,31
929,USC00110338,1972,9,TMAX,30.6,12.8,23.7,30
930,USC00110338,1972,10,TMAX,25.6,7.2,15.6,31
931,USC00110338,1972,11,TMAX,15.0,-1.1,6.1,30
932,USC00110338,1972,12,TMAX,10.6,-7.8,-0.3,31
933,USC00110338,1973,1,TMAX,13.9,-9.4,2.2,31
934,USC00110338,1973,2,TMAX,11.1,-8.3,1.8,28
935,USC00110338,1973,3,TMAX,22.8,3.3,11.6,31
936,USC00110338,1973,4,TMAX,24.4,1.7,14.6,30
937,USC00110338,1973,5,TMAX,25.6,12.2,19.3,31
938,USC00110338,1973,6,TMAX,33.9,23.3,28.1,30
939,USC00110338,1973,7,TMAX,34.4,26.1,30.2,31
940,USC00110338,1973,8,TMAX,34.4,22.8,29.8,31
941,USC00110338,1973,9,TMAX,33.3,13.3,24.4,30
942,USC00110338,1973,10,TMAX,27.8,9.4,20.3,31
943,USC00110338,1973,11,TMAX,17.8,2.2,10.0,30
944,USC00110338,1973,12,TMAX,17.2,-6.1,1.7,31
945,USC00110338,1974,1,TMAX,11.7,-15.0,-0.6,31
946,USC00110338,1974,2,TMAX,12.8,-6.1,2.1,28
947,USC00110338,1974,3,TMAX,23.9,-10.0,8.0,31
948,USC00110338,1974,4,TMAX,28.3,3.3,17.2,30
949,USC00110338,1974,5,TMAX,29.4,8.9,19.8,31
950,USC00110338,1974,6,TMAX,32.2,16.1,25.1,30
951,USC00110338,1974,7,TMAX,35.0,23.3,30.4,31
952,USC00110338,1974,8,TMAX,32.8,20.6,27.5,31
953,USC00110338,1974,9,TMAX,29.4,14.4,23.3,30
954,USC00110338,1974,10,TMAX,26.1,10.6,19.0,31
955,USC00110338,1974,11,TMAX,25.0,2.2,10.0,30
956,USC00110338,1974,12,TMAX,6.7,-3.3,2.2,31
957,USC00110338,1975,1,TMAX,14.4,-7.2,2.5,29
958,USC00110338,1975,2,TMAX,8.9,-13.3,1.2,28
959,USC00110338,1975,3,TMAX,21.1,-1.1,6.3,31
960,USC00110338,1975,4,TMAX,25.0,2.8,13.7,30
961,USC00110338,1975,5,TMAX,35.0,17.2,25.9,31
962,USC00110338,1975,7,TMAX,33.9,21.7,29.0,31
963,USC00110338,1975,8,TMAX,33.3,22.8,28.8,31
964,USC00110338,1975,9,TMAX,29.4,14.4,21.8,30
965,USC00110338,1975,10,TMAX,30.6,11.1,19.7,31
966,USC00110338,1975,11,TMAX,22.8,0.6,12.7,27
967,USC00110338,1975,12,TMAX,16.7,-5.6,2.0,26
968,USC00110338,1976,1,TMAX,2.8,-17.2,-3.2,28
969,USC00110338,1976,2,TMAX,21.1,-13.9,5.9,29
970,USC00110338,1976,3,TMAX,22.2,-0.6,9.4,29
971,USC00110338,1976,4,TMAX,29.4,4.4,17.1,25
972,USC00110338,1976,5,TMAX,30.0,5.6,19.6,31
973,USC00110338,1976,6,TMAX,33.9,19.4,28.0,30
974,USC00110338,1976,7,TMAX,36.7,25.6,30.1,31
975,USC00110338,1976,8,TMAX,34.4,21.7,27.5,31
976,USC00110338,1976,9,TMAX,32.2,15.0,23.7,30
977,USC00110338,1976,10,TMAX,30.6,6.7,14.2,31
978,USC00110338,1976,11,TMAX,16.1,-10.6,5.0,30
979,USC00110338,1976,12,TMAX,8.9,-15.0,-2.3,31
980,USC00110338,1977,1,TMAX,-1.1,-21.1,-8.0,31
981,USC00110338,1977,2,TMAX,13.3,-11.1,1.1,28
982,USC00110338,1977,3,TMAX,20.0,1.7,11.0,31
983,USC00110338,1977,4,TMAX,31.1,6.7,19.4,30
984,USC00110338,1977,5,TMAX,32.2,13.9,26.7,31
985,USC00110338,1977,6,TMAX,33.3,16.1,26.6,30
986,USC00110338,1977,7,TMAX,35.6,25.0,30.1,31
987,USC00110338,1977,8,TMAX,31.7,20.6,26.4,31
988,USC00110338,1977,9,TMAX,29.4,16.1,23.0,30
989,USC00110338,1977,10,TMAX,23.3,8.9,15.9,30
990,USC00110338,1977,11,TMAX,22.2,-4.4,8.4,30
991,USC00110338,1977,12,TMAX,11.7,-18.3,-0.8,31
992,USC00110338,1978,1,TMAX,3.3,-16.7,-4.8,31
993,USC00110338,1978,2,TMAX,3.9,-8.9,-3.4,28
994,USC00110338,1978,3,TMAX,25.6,-6.7,4.6,31
995,USC00110338,1978,4,TMAX,22.8,3.3,15.7,30
996,USC00110338,1978,5,TMAX,31.1,6.7,20.5,31
997,USC00110338,1978,6,TMAX,31.7,17.8,25.9,30
998,USC00110338,1978,7,TMAX,31.7,20.6,26.4,31
999,USC00110338,1978,8,TMAX,31.1,22.8,27.5,31
1000,USC00110338,1978,9,TMAX,34.4,18.3,27.2,30
1001,USC00110338,1978,10,TMAX,25.6,10.6,16.4,31
1002,USC00110338,1978,11,TMAX,24.4,-3.3,9.1,30
1003,USC00110338,1978,12,TMAX,6.1,-11.1,-0.1,31
1004,USC00110338,1979,1,TMAX,1.7,-16.7,-6.9,30
1005,USC00110338,1979,2,TMAX,5.6,-16.1,-4.7,28
1006,USC00110338,1979,3,TMAX,22.2,-6.1,6.7,31
1007,USC00110338,1979,4,TMAX,22.8,2.2,12.4,30
1008,USC00110338,1979,5,TMAX,30.6,13.9,22.3,31
1009,USC00110338,1979,6,TMAX,32.8,17.8,27.2,30
1010,USC00110338,1979,7,TMAX,31.7,21.7,28.2,31
1011,USC00110338,1979,8,TMAX,33.9,20.6,26.6,31
1012,USC00110338,1979,9,TMAX,30.0,20.6,26.8,7
1013,USC00110338,1980,4,TMAX,32.2,8.9,16.5,16
1014,USC00110338,1980,5,TMAX,31.1,13.3,23.2,31
1015,USC00110338,1980,6,TMAX,33.3,18.9,26.1,30
1016,USC00110338,1980,7,TMAX,37.2,21.7,30.3,31
1017,USC00110338,1980,8,TMAX,33.3,18.3,28.6,31
1018,USC00110338,1980,10,TMAX,27.2,4.4,15.1,31
1019,USC00110338,1980,11,TMAX,19.4,2.2,9.1,30
1020,USC00110338,1981,1,TMAX,10.0,-13.3,-0.2,31
1021,USC00110338,1981,2,TMAX,15.6,-13.3,2.8,28
1022,USC00110338,1981,3,TMAX,27.8,1.1,9.7,31
1023,USC00110338,1981,4,TMAX,27.2,6.1,17.4,30
1024,USC00110338,1981,5,TMAX,27.2,7.2,19.8,31
1025,USC00110338,1981,6,TMAX,32.8,21.1,27.0,30
1026,USC00110338,1981,7,TMAX,32.8,18.3,27.2,31
1027,USC00110338,1981,8,TMAX,31.1,21.1,27.0,31
1028,USC00110338,1981,9,TMAX,30.0,13.9,22.6,30
1029,USC00110338,1981,10,TMAX,24.4,2.8,15.8,31
1030,USC00110338,1981,11,TMAX,20.6,-1.7,9.7,30
1031,USC00110338,1981,12,TMAX,9.4,-6.7,0.5,31
1032,USC00110338,1982,1,TMAX,3.9,-18.9,-5.4,31
1033,USC00110338,1982,2,TMAX,7.8,-14.4,-0.7,28
1034,USC00110338,1982,3,TMAX,18.9,-3.9,6.3,31
1035,USC00110338,1982,4,TMAX,22.2,-1.1,13.1,30
1036,USC00110338,1982,5,TMAX,31.7,15.6,25.0,31
1037,USC00110338,1982,6,TMAX,30.6,16.7,24.8,30
1038,USC00110338,1982,7,TMAX,32.8,22.2,28.9,31
1039,USC00110338,1982,8,TMAX,33.9,19.4,26.5,31
1040,USC00110338,1982,9,TMAX,30.6,13.3,23.1,30
1041,USC00110338,1982,10,TMAX,30.0,8.9,19.0,31
1042,USC00110338,1982,11,TMAX,19.4,-1.7,9.0,30
1043,USC00110338,1982,12,TMAX,19.4,-3.9,5.8,31
1044,USC00110338,1983,1,TMAX,5.6,-3.9,0.6,31
1045,USC00110338,1983,2,TMAX,15.6,-6.1,3.7,28
1046,USC00110338,1983,3,TMAX,22.8,-1.1,8.2,31
1047,USC00110338,1983,4,TMAX,26.1,3.9,12.1,30
1048,USC00110338,1983,5,TMAX,25.6,11.7,18.8,31
1049,USC00110338,1983,6,TMAX,35.0,18.9,28.0,29
1050,USC00110338,1983,7,TMAX,37.2,28.3,32.8,25
1051,USC00110338,1983,8,TMAX,36.7,22.8,31.0,31
1052,USC00110338,1983,9,TMAX,35.0,12.8,24.7,30
1053,USC00110338,1983,10,TMAX,29.4,10.6,17.5,31
1054,USC00110338,1983,11,TMAX,20.0,-3.3,10.1,30
1055,USC00110338,1983,12,TMAX,2.8,-24.4,-5.7,31
1056,USC00110338,1984,1,TMAX,5.0,-18.9,-3.1,31
1057,USC00110338,1984,2,TMAX,16.1,-11.1,5.8,29
1058,USC00110338,1984,3,TMAX,11.1,-5.0,2.7,31
1059,USC00110338,1984,4,TMAX,26.7,6.1,13.7,30
1060,USC00110338,1984,5,TMAX,31.7,11.7,20.3,31
1061,USC00110338,1984,6,TMAX,33.3,19.4,28.2,30
1062,USC00110338,1984,7,TMAX,35.0,20.6,28.4,30
1063,USC00110338,1984,8,TMAX,36.7,24.4,30.7,27
1064,USC00110338,1984,9,TMAX,33.9,11.7,24.2,25
1065,USC00110338,1984,12,TMAX,18.3,1.7,10.0,4
1066,USC00110338,1985,1,TMAX,2.8,-20.0,-4.2,31
1067,USC00110338,1985,2,TMAX,8.3,-14.4,-1.5,28
1068,USC00110338,1985,3,TMAX,20.6,-1.7,9.6,31
1069,USC00110338,1985,4,TMAX,29.4,3.9,18.1,30
1070,USC00110338,1985,5,TMAX,33.3,12.8,23.5,31
1071,USC00110338,1985,6,TMAX,35.6,15.6,25.6,30
1072,USC00110338,1985,7,TMAX,33.3,20.6,28.8,31
1073,USC00110338,1985,8,TMAX,31.7,21.1,26.6,31
1074,USC00110338,1985,9,TMAX,34.4,14.4,24.4,30
1075,USC00110338,1985,10,TMAX,24.4,11.1,17.4,31
1076,USC00110338,1985,11,TMAX,16.1,-3.3,6.8,30
1077,USC00110338,1985,12,TMAX,8.3,-15.0,-2.9,31
1078,USC00110338,1986,1,TMAX,11.1,-15.0,0.0,31
1079,USC00110338,1986,2,TMAX,7.2,-11.1,-0.6,28
1080,USC00110338,1986,3,TMAX,28.3,-6.7,10.6,31
1081,USC00110338,1986,4,TMAX,32.8,3.3,18.3,30
1082,USC00110338,1986,5,TMAX,30.6,14.4,22.2,31
1083,USC00110338,1986,6,TMAX,33.9,18.3,26.5,30
1084,USC00110338,1986,7,TMAX,35.6,18.9,29.8,31
1085,USC00110338,1987,1,TMAX,7.8,-13.3,-0.1,31
1086,USC00110338,1987,2,TMAX,10.6,-2.8,5.8,28
1087,USC00110338,1987,3,TMAX,23.3,0.0,10.4,31
1088,USC00110338,1987,4,TMAX,30.0,3.3,17.2,30
1089,USC00110338,1987,5,TMAX,31.7,11.7,24.9,31
1090,USC00110338,1987,6,TMAX,35.6,20.6,28.8,30
1091,USC00110338,1987,8,TMAX,35.6,15.6,27.2,28
1092,USC00110338,1987,9,TMAX,30.6,16.7,24.1,30
1093,USC00110338,1987,10,TMAX,23.9,6.7,14.5,31
1094,USC00110338,1987,11,TMAX,23.9,0.6,10.7,30
1095,USC00110338,1987,12,TMAX,11.7,-2.8,3.2,31
1096,USC00110338,1988,1,TMAX,12.2,-17.8,-2.0,31
1097,USC00110338,1988,2,TMAX,11.7,-12.8,-0.1,29
1098,USC00110338,1988,3,TMAX,20.6,-2.2,8.8,31
1099,USC00110338,1988,4,TMAX,28.3,5.6,15.6,30
1100,USC00110338,1988,5,TMAX,33.9,16.7,25.1,31
1101,USC00110338,1988,6,TMAX,39.4,20.0,30.3,30
1102,USC00110338,1988,7,TMAX,38.9,24.4,32.5,31
1103,USC00110338,1988,8,TMAX,36.7,20.6,30.8,31
1104,USC00110338,1988,9,TMAX,32.2,18.9,26.0,30
1105,USC00110338,1988,10,TMAX,25.6,5.0,14.2,31
1106,USC00110338,1988,11,TMAX,18.9,0.6,9.6,30
1107,USC00110338,1988,12,TMAX,13.3,-6.7,2.9,31
1108,USC00110338,1989,1,TMAX,18.9,-5.6,4.6,31
1109,USC00110338,1989,2,TMAX,10.0,-13.9,-1.9,28
1110,USC00110338,1989,3,TMAX,25.0,-3.9,7.8,31
1111,USC00110338,1989,4,TMAX,26.7,4.4,15.0,30
1112,USC00110338,1989,5,TMAX,31.1,5.6,21.5,31
1113,USC00110338,1989,6,TMAX,33.3,14.4,26.7,30
1114,USC00110338,1989,7,TMAX,37.8,21.7,29.6,30
1115,USC00110338,1989,8,TMAX,32.8,22.2,27.4,31
1116,USC00110338,1989,9,TMAX,29.4,12.8,22.9,30
1117,USC00110338,1989,10,TMAX,28.9,3.9,18.5,31
1118,USC00110338,1989,11,TMAX,23.3,-2.8,8.2,30
1119,USC00110338,1989,12,TMAX,8.9,-18.3,-3.9,31
1120,USC00110338,1990,1,TMAX,12.2,-0.6,5.4,31
1121,USC00110338,1990,2,TMAX,16.1,-6.7,4.4,28
1122,USC00110338,1990,3,TMAX,25.6,-0.6,9.9,31
1123,USC00110338,1990,5,TMAX,27.8,10.0,19.4,31
1124,USC00110338,1990,6,TMAX,33.9,17.2,27.6,30
1125,USC00110338,1990,7,TMAX,36.1,17.8,27.6,31
1126,USC00110338,1990,8,TMAX,33.9,21.1,27.4,31
1127,USC00110338,1990,9,TMAX,35.0,14.4,24.9,30
1128,USC00110338,1990,10,TMAX,29.4,7.2,17.6,31
1129,USC00110338,1990,11,TMAX,23.3,3.9,12.0,30
1130,USC00110338,1990,12,TMAX,12.8,-12.2,2.3,31
1131,USC00110338,1991,1,TMAX,6.7,-9.4,-1.5,31
1132,USC00110338,1991,2,TMAX,14.4,-10.6,3.7,28
1133,USC00110338,1991,3,TMAX,25.0,-1.1,10.0,31
1134,USC00110338,1991,4,TMAX,28.3,7.2,17.8,30
1135,USC00110338,1991,5,TMAX,34.4,10.0,25.9,31
1136,USC00110338,1991,6,TMAX,36.1,20.0,30.2,30
1137,USC00110338,1991,7,TMAX,37.8,26.1,31.4,31
1138,USC00110338,1991,8,TMAX,38.3,23.3,30.2,31
1139,USC00110338,1991,9,TMAX,34.4,13.3,24.7,30
1140,USC00110338,1991,10,TMAX,26.1,8.9,17.5,31
1141,USC00110338,1991,11,TMAX,19.4,-6.7,6.4,30
1142,USC00110338,1991,12,TMAX,15.6,-12.2,3.4,31
1143,USC00110338,1992,1,TMAX,7.8,-12.2,1.6,31
1144,USC00110338,1992,2,TMAX,14.4,-4.4,4.3,28
1145,USC00110338,1992,3,TMAX,20.6,-6.1,8.6,31
1146,USC00110338,1992,4,TMAX,21.7,3.3,14.0,27
1147,USC00110338,1992,5,TMAX,31.7,10.0,22.1,31
1148,USC00110338,1992,6,TMAX,32.8,17.2,26.4,30
1149,USC00110338,1992,7,TMAX,32.8,17.8,26.6,31
1150,USC00110338,1992,8,TMAX,33.9,17.2,25.5,30
1151,USC00110338,1992,9,TMAX,31.1,15.0,22.7,30
1152,USC00110338,1992,10,TMAX,26.1,6.7,16.2,31
1153,USC00110338,1992,11,TMAX,16.1,1.1,6.4,28
1154,USC00110338,1992,12,TMAX,11.7,-6.7,1.1,30
1155,USC00110338,1993,1,TMAX,7.8,-6.1,0.6,26
1156,USC00110338,1993,2,TMAX,10.6,-8.9,0.0,28
1157,USC00110338,1993,4,TMAX,24.4,1.7,13.2,30
1158,USC00110338,1993,5,TMAX,30.6,16.7,22.8,31
1159,USC00110338,1993,6,TMAX,33.3,13.3,25.3,30
1160,USC00110338,1993,7,TMAX,32.2,23.3,28.6,31
1161,USC00110338,1993,8,TMAX,33.9,22.2,27.7,31
1162,USC00110338,1993,9,TMAX,26.7,11.7,20.0,30
1163,USC00110338,1993,10,TMAX,27.8,4.4,16.5,30
1164,USC00110338,1993,11,TMAX,17.8,-2.8,7.7,30
1165,USC00110338,1993,12,TMAX,10.6,-11.7,1.3,31
1166,USC00110338,1994,1,TMAX,4.4,-23.9,-5.0,31
1167,USC00110338,1994,2,TMAX,14.4,-11.1,-0.1,27
1168,USC00110338,1994,3,TMAX,24.4,1.7,8.9,31
1169,USC00110338,1994,4,TMAX,30.6,3.9,17.0,30
1170,USC00110338,1994,5,TMAX,32.2,13.3,22.6,31
1171,USC00110338,1994,6,TMAX,35.6,17.8,28.5,30
1172,USC00110338,1994,7,TMAX,34.4,21.7,28.2,31
1173,USC00110338,1994,8,TMAX,31.1,18.9,25.7,31
1174,USC00110338,1994,9,TMAX,32.2,15.0,24.7,30
1175,USC00110338,1994,10,TMAX,25.0,7.2,17.9,31
1176,USC00110338,1994,11,TMAX,19.4,0.6,11.0,30
1177,USC00110338,1994,12,TMAX,13.3,-5.6,4.8,31
1178,USC00110338,1995,1,TMAX,7.8,-13.3,-1.1,31
1179,USC00110338,1995,2,TMAX,12.8,-10.6,1.1,28
1180,USC00110338,1995,3,TMAX,23.9,-5.6,10.2,31
1181,USC00110338,1995,4,TMAX,25.0,5.6,13.6,28
1182,USC00110338,1995,5,TMAX,28.3,13.3,20.6,31
1183,USC00110338,1995,6,TMAX,35.6,15.0,28.5,30
1184,USC00110338,1995,7,TMAX,38.9,23.3,30.7,31
1185,USC00110338,1995,8,TMAX,35.6,26.1,31.2,31
1186,USC00110338,1995,9,TMAX,31.1,10.0,23.1,30
1187,USC00110338,1995,10,TMAX,28.3,7.2,18.3,31
1188,USC00110338,1995,11,TMAX,16.1,-1.7,5.5,30
1189,USC00110338,1995,12,TMAX,13.3,-15.0,0.8,30
1190,USC00110338,1996,1,TMAX,13.3,-15.0,-1.0,28
1191,USC00110338,1996,2,TMAX,15.6,-21.1,2.0,29
1192,USC00110338,1996,3,TMAX,17.2,-8.9,5.6,31
1193,USC00110338,1996,4,TMAX,27.8,4.4,15.1,29
1194,USC00110338,1996,5,TMAX,33.3,12.8,19.4,31
1195,USC00110338,1996,6,TMAX,33.9,18.3,27.1,30
1196,USC00110338,1996,7,TMAX,32.2,17.8,27.1,30
1197,USC00110338,1996,8,TMAX,33.9,25.0,28.7,31
1198,USC00110338,1996,9,TMAX,31.1,16.7,23.9,30
1199,USC00110338,1996,10,TMAX,26.7,7.8,18.0,31
1200,USC00110338,1996,11,TMAX,17.2,-2.2,4.7,30
1201,USC00110338,1996,12,TMAX,12.2,-12.2,1.5,31
1202,USC00110338,1997,1,TMAX,17.2,-18.9,-2.3,31
1203,USC00110338,1997,2,TMAX,12.2,-4.4,1.8,27
1204,USC00110338,1997,3,TMAX,23.9,-2.2,8.6,31
1205,USC00110338,1997,4,TMAX,24.4,1.1,14.4,30
1206,USC00110338,1997,5,TMAX,29.4,10.6,19.0,31
1207,USC00110338,1997,6,TMAX,35.6,19.4,27.8,30
1208,USC00110338,1997,7,TMAX,37.2,20.0,29.7,31
1209,USC00110338,1997,8,TMAX,33.9,21.1,26.9,31
1210,USC00110338,1997,9,TMAX,30.6,17.2,24.8,29
1211,USC00110338,1997,10,TMAX,30.6,2.8,18.6,31
1212,USC00110338,1997,11,TMAX,14.4,-1.7,6.5,30
1213,USC00110338,1997,12,TMAX,10.0,-4.4,2.7,31
1214,USC00110338,1998,1,TMAX,15.0,-10.0,2.2,31
1215,USC00110338,1998,2,TMAX,17.2,1.1,7.8,28
1216,USC00110338,1998,3,TMAX,26.1,-2.8,8.8,29
1217,USC00110338,1998,4,TMAX,25.0,7.2,15.9,30
1218,USC00110338,1998,5,TMAX,33.9,14.4,25.4,31
1219,USC00110338,1998,6,TMAX,35.6,15.6,27.0,30
1220,USC00110338,1998,7,TMAX,34.4,25.0,29.5,31
1221,USC00110338,1998,8,TMAX,33.3,23.9,28.9,31
1222,USC00110338,1998,9,TMAX,33.3,20.6,27.0,30
1223,USC00110338,1998,10,TMAX,26.1,12.8,18.8,31
1224,USC00110338,1998,11,TMAX,20.0,1.7,11.5,30
1225,USC00110338,1998,12,TMAX,20.0,-9.4,6.1,31
1226,USC00110338,1999,1,TMAX,8.9,-13.9,-1.2,31
1227,USC00110338,1999,2,TMAX,20.6,-0.6,5.8,28
1228,USC00110338,1999,3,TMAX,22.2,-1.7,7.9,31
1229,USC00110338,1999,4,TMAX,26.1,8.9,16.4,30
1230,USC00110338,1999,5,TMAX,31.1,13.9,23.7,31
1231,USC00110338,1999,6,TMAX,34.4,18.3,27.9,30
1232,USC00110338,1999,7,TMAX,38.3,24.4,31.8,31
1233,USC00110338,1999,8,TMAX,33.3,22.8,27.0,31
1234,USC00110338,1999,9,TMAX,33.9,18.3,25.1,30
1235,USC00110338,1999,10,TMAX,27.2,8.3,18.4,31
1236,USC00110338,1999,11,TMAX,23.9,3.9,14.0,30
1237,USC00110338,1999,12,TMAX,14.4,-10.0,3.3,31
1238,USC00110338,2000,1,TMAX,16.7,-11.7,0.3,31
1239,USC00110338,2000,2,TMAX,22.2,-1.1,6.2,29
1240,USC00110338,2000,3,TMAX,26.1,2.2,13.6,31
1241,USC00110338,2000,4,TMAX,25.6,5.0,16.1,30
1242,USC00110338,2000,5,TMAX,30.6,10.0,23.3,31
1243,USC00110338,2000,6,TMAX,32.2,16.7,25.9,30
1244,USC00110338,2000,7,TMAX,32.2,23.3,27.8,31
1245,USC00110338,2000,8,TMAX,33.9,22.2,28.6,31
1246,USC00110338,2000,9,TMAX,34.4,13.9,24.7,28
1247,USC00110338,2000,10,TMAX,28.9,7.8,19.7,31
1248,USC00110338,2000,11,TMAX,25.0,-3.3,7.2,29
1249,USC00110338,2000,12,TMAX,3.9,-14.4,-3.7,31
1250,USC00110338,2001,1,TMAX,6.1,-8.3,0.1,31
1251,USC00110338,2001,2,TMAX,12.2,-11.1,1.8,28
1252,USC00110338,2001,3,TMAX,15.6,-2.8,7.4,31
1253,USC00110338,2001,4,TMAX,30.0,5.6,19.4,30
1254,USC00110338,2001,5,TMAX,32.8,12.8,22.8,31
1255,USC00110338,2001,6,TMAX,34.4,13.9,26.7,30
1256,USC00110338,2001,7,TMAX,36.7,24.4,31.0,31
1257,USC00110338,2001,8,TMAX,35.6,22.8,29.6,31
1258,USC00110338,2001,9,TMAX,32.2,14.4,23.4,30
1259,USC00110338,2001,10,TMAX,28.9,5.6,16.8,31
1260,USC00110338,2001,11,TMAX,22.8,5.6,15.1,30
1261,USC00110338,2001,12,TMAX,20.6,-7.2,5.2,31
1262,USC00110338,2002,1,TMAX,15.6,-5.6,4.6,31
1263,USC00110338,2002,2,TMAX,16.7,-3.9,5.2,28
1264,USC00110338,2002,3,TMAX,18.9,-7.8,7.6,31
1265,USC00110338,2002,4,TMAX,32.2,4.4,15.6,30
1266,USC00110338,2002,5,TMAX,31.7,8.3,19.7,31
1267,USC00110338,2002,6,TMAX,35.6,17.2,28.7,30
1268,USC00110338,2002,7,TMAX,37.2,25.6,31.7,31
1269,USC00110338,2002,8,TMAX,35.0,25.0,29.7,31
1270,USC00110338,2002,9,TMAX,35.0,18.9,27.7,30
1271,USC00110338,2002,10,TMAX,28.9,7.2,15.3,31
1272,USC00110338,2002,11,TMAX,18.3,-1.1,7.7,30
1273,USC00110338,2002,12,TMAX,15.6,-5.6,3.4,31
1274,USC00110338,2003,1,TMAX,13.9,-10.6,-1.7,31
1275,USC00110338,2003,2,TMAX,10.6,-7.2,1.0,28
1276,USC00110338,2003,3,TMAX,23.9,-7.8,9.4,31
1277,USC00110338,2003,4,TMAX,30.6,1.1,17.2,30
1278,USC00110338,2003,5,TMAX,30.0,13.9,20.9,31
1279,USC00110338,2003,6,TMAX,35.0,18.9,26.3,30
1280,USC00110338,2003,7,TMAX,34.4,24.4,28.4,31
1281,USC00110338,2003,8,TMAX,35.0,16.7,28.6,31
1282,USC00110338,2003,9,TMAX,30.0,13.3,23.6,29
1283,USC00110338,2003,10,TMAX,29.4,6.1,17.6,31
1284,USC00110338,2003,11,TMAX,21.7,0.0,10.2,30
1285,USC00110338,2003,12,TMAX,12.8,-4.4,3.3,31
1286,USC00110338,2004,1,TMAX,15.6,-16.7,-2.9,31
1287,USC00110338,2004,2,TMAX,15.6,-3.3,2.7,29
1288,USC00110338,2004,3,TMAX,22.2,0.6,10.4,30
1289,USC00110338,2004,4,TMAX,28.9,6.1,17.0,24
1290,USC00110338,2004,5,TMAX,30.6,13.3,23.9,25
1291,USC00110338,2004,6,TMAX,32.8,18.9,25.7,30
1292,USC00110338,2004,7,TMAX,31.7,20.6,27.4,31
1293,USC00110338,2004,8,TMAX,30.6,16.7,24.9,31
1294,USC00110338,2004,9,TMAX,30.0,18.9,26.1,30
1295,USC00110338,2004,10,TMAX,25.6,7.8,17.7,31
1296,USC00110338,2004,11,TMAX,18.9,0.0,10.6,30
1297,USC00110338,2004,12,TMAX,13.3,-11.1,2.1,31
1298,USC00110338,2005,1,TMAX,15.6,-12.2,-0.3,31
1299,USC00110338,2005,2,TMAX,12.8,-3.3,4.3,28
1300,USC00110338,2005,3,TMAX,23.9,-3.9,7.1,31
1301,USC00110338,2005,4,TMAX,28.3,6.1,18.2,30
1302,USC00110338,2005,5,TMAX,28.9,6.7,20.6,31
1303,USC00110338,2005,6,TMAX,35.6,21.7,30.2,30
1304,USC00110338,2005,7,TMAX,38.3,23.3,30.2,31
1305,USC00110338,2005,8,TMAX,35.0,23.9,29.1,31
1306,USC00110338,2005,9,TMAX,33.9,17.8,27.2,30
1307,USC00110338,2005,10,TMAX,31.1,8.3,18.2,31
1308,USC00110338,2005,11,TMAX,21.7,-3.3,10.7,30
1309,USC00110338,2005,12,TMAX,7.8,-10.6,-2.0,31
1310,USC00110338,2006,1,TMAX,13.3,-1.7,5.3,31
1311,USC00110338,2006,2,TMAX,13.3,-13.9,2.9,28
1312,USC00110338,2006,3,TMAX,21.1,0.0,8.4,31
1313,USC00110338,2006,4,TMAX,28.9,8.3,18.6,30
1314,USC00110338,2006,5,TMAX,33.9,7.2,21.1,31
1315,USC00110338,2006,6,TMAX,32.8,19.4,26.2,30
1316,USC00110338,2006,7,TMAX,37.2,25.0,30.2,31
1317,USC00110338,2006,8,TMAX,36.1,21.1,27.8,31
1318,USC00110338,2006,9,TMAX,28.3,12.8,22.2,30
1319,USC00110338,2006,10,TMAX,28.9,4.4,14.6,31
1320,USC00110338,2006,11,TMAX,20.0,1.7,10.1,30
1321,USC00110338,2006,12,TMAX,13.3,-10.0,4.6,31
1322,USC00110338,2007,1,TMAX,10.0,-8.9,0.8,31
1323,USC00110338,2007,2,TMAX,8.9,-16.7,-4.5,28
1324,USC00110338,2007,3,TMAX,25.6,-4.4,11.7,31
1325,USC00110338,2007,4,TMAX,28.3,0.0,14.9,30
1326,USC00110338,2007,5,TMAX,32.2,17.2,25.0,31
1327,USC00110338,2007,6,TMAX,33.9,18.9,27.8,30
1328,USC00110338,2007,7,TMAX,33.3,24.4,28.4,31
1329,USC00110338,2007,8,TMAX,32.2,18.9,28.3,31
1330,USC00110338,2007,9,TMAX,32.2,16.7,26.8,30
1331,USC00110338,2007,10,TMAX,31.7,12.8,20.5,31
1332,USC00110338,2007,11,TMAX,18.3,0.6,8.4,30
1333,USC00110338,2007,12,TMAX,11.1,-5.6,0.9,31
1334,USC00110338,2008,1,TMAX,17.8,-16.1,-0.0,31
1335,USC00110338,2008,2,TMAX,7.8,-11.7,-1.7,29
1336,USC00110338,2008,3,TMAX,15.6,-5.0,6.1,30
1337,USC00110338,2008,4,TMAX,26.1,5.0,15.9,30
1338,USC00110338,2008,5,TMAX,27.8,12.8,20.0,31
1339,USC00110338,2008,6,TMAX,33.3,21.7,27.3,30
1340,USC00110338,2008,7,TMAX,31.7,23.3,28.6,31
1341,USC00110338,2008,8,TMAX,31.7,23.9,27.9,31
1342,USC00110338,2008,9,TMAX,34.4,15.6,23.9,30
1343,USC00110338,2008,10,TMAX,29.4,6.7,16.8,31
1344,USC00110338,2008,11,TMAX,22.8,-1.7,8.5,30
1345,USC00110338,2008,12,TMAX,14.4,-15.6,-1.0,30
1346,USC00110338,2009,1,TMAX,3.3,-20.6,-5.0,31
1347,USC00110338,2009,2,TMAX,16.7,-10.6,2.4,28
1348,USC00110338,2009,3,TMAX,23.3,-5.0,10.4,30
1349,USC00110338,2009,4,TMAX,27.8,6.7,14.7,30
1350,USC00110338,2009,5,TMAX,28.9,15.6,21.6,30
1351,USC00110338,2009,6,TMAX,34.4,16.7,25.9,30
1352,USC00110338,2009,7,TMAX,28.9,18.3,25.6,31
1353,USC00110338,2009,8,TMAX,32.2,19.4,25.7,29
1354,USC00110338,2009,9,TMAX,29.4,15.6,24.0,30
1355,USC00110338,2009,10,TMAX,21.7,6.1,13.3,31
1356,USC00110338,2009,11,TMAX,22.2,5.0,12.5,30
1357,USC00110338,2009,12,TMAX,12.8,-11.1,0.1,31
1358,USC00110338,2010,1,TMAX,7.2,-13.3,-2.9,30
1359,USC00110338,2010,2,TMAX,5.0,-3.9,-0.1,28
1360,USC00110338,2010,3,TMAX,25.6,2.2,11.3,31
1361,USC00110338,2010,4,TMAX,28.3,5.0,20.2,30
1362,USC00110338,2010,5,TMAX,33.3,10.6,22.5,31
1363,USC00110338,2010,6,TMAX,31.7,20.0,27.0,30
1364,USC00110338,2010,7,TMAX,33.3,25.0,29.9,31
1365,USC00110338,2010,8,TMAX,33.9,23.9,29.4,31
1366,USC00110338,2010,9,TMAX,31.7,15.0,24.0,30
1367,USC00110338,2010,10,TMAX,31.7,7.8,19.9,31
1368,USC00110338,2010,11,TMAX,21.7,0.6,10.7,30
1369,USC00110338,2010,12,TMAX,12.8,-10.0,-2.1,31
1370,USC00110338,2011,1,TMAX,4.4,-14.4,-3.1,31
1371,USC00110338,2011,2,TMAX,13.3,-13.3,0.4,28
1372,USC00110338,2011,3,TMAX,20.6,1.1,7.9,31
1373,USC00110338,2011,4,TMAX,28.3,3.9,14.2,30
1374,USC00110338,2011,5,TMAX,32.2,11.1,21.4,31
1375,USC00110338,2011,6,TMAX,35.0,18.9,27.0,30
1376,USC00110338,2011,7,TMAX,36.7,25.0,31.4,31
1377,USC00110338,2011,8,TMAX,33.3,23.3,28.1,31
1378,USC00110338,2011,9,TMAX,33.3,10.6,21.1,30
1379,USC00110338,2011,10,TMAX,28.9,7.2,18.2,31
1380,USC00110338,2011,11,TMAX,21.1,2.2,10.7,30
1381,USC00110338,2011,12,TMAX,13.3,-5.6,4.7,31
1382,USC00110338,2012,1,TMAX,13.3,-8.3,2.5,31
1383,USC00110338,2012,2,TMAX,13.9,-6.1,4.2,29
1384,USC00110338,2012,3,TMAX,28.9,-0.6,17.0,31
1385,USC00110338,2012,4,TMAX,24.4,7.8,15.6,30
1386,USC00110338,2012,5,TMAX,36.1,15.6,24.6,31
1387,USC00110338,2012,6,TMAX,37.2,10.0,28.5,30
1388,USC00110338,2012,7,TMAX,39.4,28.3,33.4,31
1389,USC00110338,2012,8,TMAX,35.6,18.9,28.7,31
1390,USC00110338,2012,9,TMAX,33.3,15.0,24.2,30
1391,USC00110338,2012,10,TMAX,25.6,8.3,16.1,31
1392,USC00110338,2012,11,TMAX,19.4,0.0,8.9,30
1393,USC00110338,2012,12,TMAX,21.1,-3.3,5.4,31
1394,USC00110338,2013,1,TMAX,16.1,-11.7,1.7,31
1395,USC00110338,2013,2,TMAX,10.6,-9.4,-0.3,28
1396,USC00110338,2013,3,TMAX,14.4,-4.4,3.3,31
1397,USC00110338,2013,4,TMAX,23.3,3.9,13.4,30
1398,USC00110338,2013,5,TMAX,33.3,10.0,22.4,30
1399,USC00110338,2013,6,TMAX,31.1,16.1,25.7,30
1400,USC00110338,2013,7,TMAX,34.4,18.3,27.6,31
1401,USC00110338,2013,8,TMAX,33.9,22.2,28.1,31
1402,USC00110338,2013,9,TMAX,34.4,15.6,25.3,30
1403,USC00110338,2013,10,TMAX,26.7,3.3,17.0,31
1404,USC00110338,2013,11,TMAX,19.4,-4.4,7.2,30
1405,USC00110338,2013,12,TMAX,12.8,-12.2,-0.9,31
1406,USC00110338,2014,1,TMAX,6.1,-23.9,-5.3,31
1407,USC00110338,2014,2,TMAX,8.9,-15.6,-5.1,28
1408,USC00110338,2014,3,TMAX,13.9,-12.8,3.4,30
1409,USC00110338,2014,4,TMAX,26.7,3.3,15.3,30
1410,USC00110338,2014,5,TMAX,31.7,7.2,21.4,31
1411,USC00110338,2014,6,TMAX,32.2,18.3,27.0,30
1412,USC00110338,2014,7,TMAX,31.7,20.6,25.8,31
1413,USC00110338,2014,8,TMAX,30.6,21.7,27.8,31
1414,USC00110338,2014,9,TMAX,30.0,11.7,23.4,30
1415,USC00110338,2014,10,TMAX,25.0,8.9,16.2,31
1416,USC00110338,2014,11,TMAX,17.8,-6.7,4.7,30
1417,USC00110338,2014,12,TMAX,10.6,-7.2,3.1,31
1418,USC00110338,2015,1,TMAX,6.1,-14.4,-2.2,31
1419,USC00110338,2015,2,TMAX,5.0,-15.6,-5.0,28
1420,USC00110338,2015,3,TMAX,23.9,-9.4,6.7,31
1421,USC00110338,2015,4,TMAX,25.6,8.3,16.8,30
1422,USC00110338,2015,5,TMAX,28.9,10.0,22.0,31
1423,USC00110338,2015,6,TMAX,32.8,13.3,25.2,30
1424,USC00110338,2015,7,TMAX,33.3,19.4,27.3,31
1425,USC00110338,2015,8,TMAX,32.2,19.4,26.9,31
1426,USC00110338,2015,9,TMAX,32.8,18.9,26.3,30
1427,USC00110338,2015,10,TMAX,26.7,7.8,18.0,31
1428,USC00110338,2015,11,TMAX,22.8,-2.8,11.3,30
1429,USC00110338,2015,12,TMAX,16.1,-1.7,7.2,31
1430,USC00110338,2016,1,TMAX,7.2,-15.0,-1.2,31
1431,USC00110338,2016,2,TMAX,16.7,-8.3,3.1,28
1432,USC00110338,2016,3,TMAX,22.2,-1.1,11.2,31
1433,USC00110338,2016,4,TMAX,28.3,2.2,15.0,30
1434,USC00110338,2016,5,TMAX,30.6,9.4,21.1,31
1435,USC00110338,2016,6,TMAX,32.8,20.0,27.5,30
1436,USC00110338,2016,7,TMAX,33.9,22.8,28.4,31
1437,USC00110338,2016,8,TMAX,32.2,23.9,28.8,31
1438,USC00110338,2016,9,TMAX,31.7,16.7,25.9,30
1439,USC00110338,2016,10,TMAX,28.3,9.4,18.9,31
1440,USC00110338,2016,11,TMAX,25.0,1.1,13.2,30
1441,USC00110338,2016,12,TMAX,11.7,-15.0,-0.8,31
1442,USC00110338,2017,1,TMAX,15.0,-13.3,1.2,31
1443,USC00110338,2017,2,TMAX,20.6,-5.0,7.9,28
1444,USC00110338,2017,3,TMAX,26.1,-2.2,8.1,31
1445,USC00110338,2017,4,TMAX,25.6,6.1,17.2,30
1446,USC00110338,2017,5,TMAX,29.4,10.0,19.8,31
1447,USC00110338,2017,6,TMAX,33.9,21.7,27.8,30
1448,USC00110338,2017,7,TMAX,32.2,21.1,28.2,31
1449,USC00110338,2017,8,TMAX,30.6,20.0,26.5,31
1450,USC00110338,2017,9,TMAX,33.9,18.9,26.5,30
1451,USC00110338,2017,10,TMAX,28.3,3.9,18.4,31
1452,USC00110338,2017,11,TMAX,16.7,1.7,7.7,30
1453,USC00110338,2017,12,TMAX,17.8,-15.6,1.1,31
1454,USC00110338,2018,1,TMAX,13.9,-18.3,-1.3,31
1455,USC00110338,2018,2,TMAX,17.8,-11.7,2.0,28
1456,USC00110338,2018,3,TMAX,16.1,0.6,7.4,31
1457,USC00110338,2018,4,TMAX,22.2,0.0,10.0,30
1458,USC00110338,2018,5,TMAX,35.6,11.1,25.2,31
1459,USC00110338,2018,6,TMAX,33.3,17.2,26.9,30
1460,USC00110338,2018,7,TMAX,32.8,23.9,29.1,31
1461,USC00110338,2018,8,TMAX,33.3,21.1,29.5,31
1462,USC00110338,2018,9,TMAX,34.4,13.9,25.8,30
1463,USC00110338,2018,10,TMAX,30.6,5.6,15.5,31
1464,USC00110338,2018,11,TMAX,15.0,-3.9,4.0,30
1465,USC00110338,2018,12,TMAX,11.1,-4.4,3.8,31
1466,USC00110338,2019,1,TMAX,11.7,-25.6,-1.7,31
1467,USC00110338,2019,2,TMAX,9.4,-14.4,-0.0,28
1468,USC00110338,2019,3,TMAX,18.3,-10.6,5.9,31
1469,USC00110338,2019,4,TMAX,25.6,2.2,14.6,30
1470,USC00110338,2019,5,TMAX,27.2,8.9,18.9,31
1471,USC00110338,2019,6,TMAX,32.8,18.9,25.8,30
1472,USC00110338,2019,7,TMAX,34.4,25.0,30.1,31
1473,USC00110338,2019,8,TMAX,31.7,22.2,27.3,31
1474,USC00110338,2019,9,TMAX,31.1,16.7,24.9,30
1475,USC00110338,2019,10,TMAX,30.6,3.9,15.7,31
1476,USC00110338,2019,11,TMAX,13.3,-8.9,4.8,30
1477,USC00110338,2019,12,TMAX,16.1,-7.2,4.9,31
1478,USC00110338,2020,1,TMAX,9.4,-8.9,1.8,31
1479,USC00110338,2020,2,TMAX,10.6,-8.3,1.5,29
1480,USC00110338,2020,3,TMAX,18.3,1.1,9.0,31
1481,USC00110338,2020,4,TMAX,26.7,3.9,13.6,30
1482,USC00110338,2020,5,TMAX,30.6,8.3,19.7,31
1483,USC00110338,2020,6,TMAX,33.9,20.0,27.9,30
1484,USC00110338,2020,7,TMAX,32.8,25.0,29.0,31
1485,USC00110338,2020,8,TMAX,32.2,18.9,27.9,31
1486,USC00110338,2020,9,TMAX,29.4,14.4,23.1,30
1487,USC00110338,2020,10,TMAX,27.2,6.1,16.4,29
1488,USC00110338,2020,11,TMAX,23.9,3.3,12.5,30
1489,USC00110338,2020,12,TMAX,13.9,-9.4,3.4,31
1490,USC00110338,2021,1,TMAX,4.4,-8.3,-0.1,31
1491,USC00110338,2021,2,TMAX,10.0,-17.8,-4.3,28
1492,USC00110338,2021,3,TMAX,20.0,0.0,11.1,31
1493,USC00110338,2021,4,TMAX,29.4,5.0,15.9,30
1494,USC00110338,2021,5,TMAX,30.0,8.3,19.9,31
1495,USC00110338,2021,6,TMAX,33.3,21.1,27.6,30
1496,USC00110338,2021,7,TMAX,32.2,20.6,27.6,31
1497,USC00110338,2021,8,TMAX,33.9,25.0,29.2,31
1498,USC00110338,2021,9,TMAX,31.7,17.2,26.6,30
1499,USC00110338,2021,10,TMAX,29.4,9.4,19.6,31
1500,USC00110338,2021,11,TMAX,18.9,-1.1,8.7,30
1501,USC00110338,2021,12,TMAX,17.8,-3.9,6.5,30
1502,USC00110338,2022,1,TMAX,6.1,-13.9,-3.5,31
1503,USC00110338,2022,2,TMAX,11.7,-9.4,-0.5,28
1504,USC00110338,2022,3,TMAX,23.3,-3.9,8.9,31
1505,USC00110338,2022,4,TMAX,28.3,2.8,12.1,30
1506,USC00110338,2022,5,TMAX,32.8,11.1,22.0,31
1507,USC00110338,2022,6,TMAX,35.6,19.4,27.4,30
1508,USC00110338,2022,7,TMAX,32.2,19.4,26.7,31
1509,USC00110338,2022,8,TMAX,31.7,21.7,26.1,31
1510,USC00110338,2022,9,TMAX,33.9,15.6,23.8,29
1511,USC00110338,2022,10,TMAX,26.1,5.0,17.7,31
1512,USC00110338,2022,11,TMAX,23.9,-3.9,10.4,30
1513,USC00110338,2022,12,TMAX,14.4,-17.8,0.5,31
1514,USC00110338,2023,1,TMAX,11.1,-11.7,1.7,31
1515,USC00110338,2023,2,TMAX,14.4,-13.3,4.0,28
1516,USC00110338,2023,3,TMAX,13.9,-5.0,7.1,31
1517,USC00110338,2023,4,TMAX,27.8,3.9,16.4,30
1518,USC00110338,2023,5,TMAX,30.6,7.2,22.1,31
1519,USC00110338,2023,6,TMAX,32.8,14.4,26.6,30
1520,USC00110338,2023,7,TMAX,33.9,21.7,28.5,30
1521,USC00110338,2023,8,TMAX,37.8,22.2,27.5,31
1522,USC00110338,2023,9,TMAX,34.4,17.8,24.7,30
1523,USC00110338,2023,10,TMAX,30.0,5.6,18.0,31
1524,USC00110338,2023,11,TMAX,21.1,-4.4,10.1,30
1525,USC00110338,2023,12,TMAX,15.0,0.0,6.7,31
1526,USC00110338,2024,1,TMAX,4.4,-21.1,-1.3,31
1527,USC00110338,2024,2,TMAX,23.3,-1.7,9.5,29
1528,USC00110338,2024,3,TMAX,24.4,2.8,11.9,31
1529,USC00110338,2024,4,TMAX,27.8,3.3,16.4,30
1530,USC00110338,2024,5,TMAX,31.7,16.1,24.1,31
1531,USC00110338,2024,6,TMAX,34.4,19.4,28.4,30
1532,USC00110338,2024,7,TMAX,31.7,22.2,27.7,31
1533,USC00110338,2024,8,TMAX,35.6,21.1,27.9,31
1534,USC00110338,2024,9,TMAX,32.8,17.8,26.2,30
1535,USC00110338,2024,10,TMAX,28.9,12.2,21.2,31
1536,USC00110338,2024,11,TMAX,21.1,-5.0,11.4,30
1537,USC00110338,2024,12,TMAX,12.8,-10.0,2.9,31
1538,USC00110338,2025,1,TMAX,9.4,-13.3,-1.3,31
1539,USC00110338,2025,2,TMAX,12.2,-12.8,1.0,27
1540,USC00110338,2025,3,TMAX,26.1,-1.1,12.7,31
1541,USC00110338,2025,4,TMAX,28.9,6.7,15.6,30
1542,USC00110338,2025,5,TMAX,33.3,11.7,20.8,31
1543,USC00110338,2025,6,TMAX,34.4,19.4,28.4,30
1544,USC00110338,2025,7,TMAX,33.3,23.9,29.9,28
